task_type,task_type_id,action
Other,0,keep
NLI,1,keep
emotion,2,keep
sentiment,3,keep
topic,4,keep
acceptability,5,keep
emoji,6,keep
irony,7,keep
paraphrase,8,keep
toxicity,9,keep
acronym-identification,10,append_after_review
bitext-mining,11,append_after_review
clustering,12,append_after_review
counterfactual-detection,13,append_after_review
domain,14,append_after_review
fact-checking,15,append_after_review
intent,16,append_after_review
language-identification,17,append_after_review
language-modeling,18,append_after_review
named-entity-recognition,19,append_after_review
pii-detection,20,append_after_review
question-answering,21,append_after_review
retrieval,22,append_after_review
semantic-similarity,23,append_after_review
summarization,24,append_after_review
translation,25,append_after_review
