model,role,family,architecture,model_type,params,dataset,task,metric,metric_value,base_model,source_url,reason
tingtone/jq_emo_gpt,derivative,GPT,GPT2ForSequenceClassification,gpt2,,dair-ai/emotion,emotion,accuracy,0.947,,https://huggingface.co/tingtone/jq_emo_gpt,HF model-index accuracy on dair-ai/emotion (emotion); family GPT
Emanuel/bertweet-emotion-base,derivative,BERT,RobertaForSequenceClassification,roberta,,dair-ai/emotion,emotion,accuracy,0.945,,https://huggingface.co/Emanuel/bertweet-emotion-base,HF model-index accuracy on dair-ai/emotion (emotion); family BERT
ArafatBHossain/distiled_flip_model_emotion_alpha_0.8_epoch5_v1,derivative,Distiled,DistilBertForSequenceClassification,distilbert,,dair-ai/emotion,emotion,accuracy,0.942,,https://huggingface.co/ArafatBHossain/distiled_flip_model_emotion_alpha_0.8_epoch5_v1,HF model-index accuracy on dair-ai/emotion (emotion); family Distiled
Jorgeutd/sagemaker-roberta-base-emotion,derivative,RoBERTa,RobertaForSequenceClassification,roberta,124650760.0,dair-ai/emotion,emotion,accuracy,0.941,,https://huggingface.co/Jorgeutd/sagemaker-roberta-base-emotion,HF model-index accuracy on dair-ai/emotion (emotion); family RoBERTa
Ioanaaaaaaa/bert-base-uncased-with-preprocess-finetuned-emotion-5-epochs-5e-05-lr-0.1-weight_decay,derivative,BERT,BertForSequenceClassification,bert,,dair-ai/emotion,emotion,accuracy,0.941,,https://huggingface.co/Ioanaaaaaaa/bert-base-uncased-with-preprocess-finetuned-emotion-5-epochs-5e-05-lr-0.1-weight_decay,HF model-index accuracy on dair-ai/emotion (emotion); family BERT
HitkarMiglani/sentiment-model,derivative,Sentiment,DistilBertForSequenceClassification,distilbert,66958086.0,dair-ai/emotion,emotion,accuracy,0.94,distilbert-base-uncased,https://huggingface.co/HitkarMiglani/sentiment-model,HF model-index accuracy on dair-ai/emotion (emotion); family Sentiment
zanesmit29/founder-roberta-emotion-v1,derivative,RoBERTa,RobertaForSequenceClassification,roberta,124650246.0,dair-ai/emotion,emotion,accuracy,0.9395,FacebookAI/roberta-base,https://huggingface.co/zanesmit29/founder-roberta-emotion-v1,HF model-index accuracy on dair-ai/emotion (emotion); family RoBERTa
Ioanaaaaaaa/bert-large-uncased-with-preprocess-finetuned-emotion-5-epochs-5e-05-lr,derivative,BERT,BertForSequenceClassification,bert,,dair-ai/emotion,emotion,accuracy,0.939,bert-large-uncased,https://huggingface.co/Ioanaaaaaaa/bert-large-uncased-with-preprocess-finetuned-emotion-5-epochs-5e-05-lr,HF model-index accuracy on dair-ai/emotion (emotion); family BERT
cafbr/distilbert-base-uncased-finetuned-emotion,derivative,DistilBERT,DistilBertForSequenceClassification,distilbert,,dair-ai/emotion,emotion,accuracy,0.939,,https://huggingface.co/cafbr/distilbert-base-uncased-finetuned-emotion,HF model-index accuracy on dair-ai/emotion (emotion); family DistilBERT
gabe-zhang/twitter-emotion-bert,derivative,BERT,BertForSequenceClassification,bert,108314886.0,dair-ai/emotion,emotion,accuracy,0.9385,,https://huggingface.co/gabe-zhang/twitter-emotion-bert,HF model-index accuracy on dair-ai/emotion (emotion); family BERT
Fengkai/distilbert-base-uncased-finetuned-emotion,derivative,DistilBERT,DistilBertForSequenceClassification,distilbert,,dair-ai/emotion,emotion,accuracy,0.9385,,https://huggingface.co/Fengkai/distilbert-base-uncased-finetuned-emotion,HF model-index accuracy on dair-ai/emotion (emotion); family DistilBERT
tingtone/jq_emo_distilbert,derivative,DistilBERT,DistilBertForSequenceClassification,distilbert,,dair-ai/emotion,emotion,accuracy,0.9385,,https://huggingface.co/tingtone/jq_emo_distilbert,HF model-index accuracy on dair-ai/emotion (emotion); family DistilBERT
trnt/twitter_emotions,derivative,Twitter,BertForSequenceClassification,bert,,dair-ai/emotion,emotion,accuracy,0.9375,,https://huggingface.co/trnt/twitter_emotions,HF model-index accuracy on dair-ai/emotion (emotion); family Twitter
ocaklisemih/distilbert-emotion,derivative,DistilBERT,DistilBertForSequenceClassification,distilbert,66958086.0,dair-ai/emotion,emotion,accuracy,0.9375,distilbert-base-uncased,https://huggingface.co/ocaklisemih/distilbert-emotion,HF model-index accuracy on dair-ai/emotion (emotion); family DistilBERT
Emanuel/twitter-emotion-deberta-v3-base,derivative,DeBERTa,DebertaV2ForSequenceClassification,deberta-v2,,dair-ai/emotion,emotion,accuracy,0.937,,https://huggingface.co/Emanuel/twitter-emotion-deberta-v3-base,HF model-index accuracy on dair-ai/emotion (emotion); family DeBERTa
neuron-01/emotion_classifier_for_text-roberta-base,derivative,RoBERTa,RobertaForSequenceClassification,roberta,124650246.0,dair-ai/emotion,emotion,accuracy,0.936,FacebookAI/roberta-base,https://huggingface.co/neuron-01/emotion_classifier_for_text-roberta-base,HF model-index accuracy on dair-ai/emotion (emotion); family RoBERTa
MuntasirHossain/RoBERTa-base-finetuned-emotion,derivative,RoBERTa,RobertaForSequenceClassification,roberta,,dair-ai/emotion,emotion,accuracy,0.933,roberta-base,https://huggingface.co/MuntasirHossain/RoBERTa-base-finetuned-emotion,HF model-index accuracy on dair-ai/emotion (emotion); family RoBERTa
philschmid/deberta-v3-xsmall-emotion,derivative,Phi,DebertaV2ForSequenceClassification,deberta-v2,,dair-ai/emotion,emotion,accuracy,0.932,,https://huggingface.co/philschmid/deberta-v3-xsmall-emotion,HF model-index accuracy on dair-ai/emotion (emotion); family Phi
bergum/xtremedistil-l6-h384-emotion,derivative,Xtremedistil,BertForSequenceClassification,bert,22716038.0,dair-ai/emotion,emotion,accuracy,0.928,,https://huggingface.co/bergum/xtremedistil-l6-h384-emotion,HF model-index accuracy on dair-ai/emotion (emotion); family Xtremedistil
bhadresh-savani/electra-base-emotion,derivative,ELECTRA,ElectraForSequenceClassification,electra,,dair-ai/emotion,emotion,accuracy,0.9265,,https://huggingface.co/bhadresh-savani/electra-base-emotion,HF model-index accuracy on dair-ai/emotion (emotion); family ELECTRA
bergum/xtremedistil-emotion,derivative,Xtremedistil,BertForSequenceClassification,bert,12752134.0,dair-ai/emotion,emotion,accuracy,0.9265,,https://huggingface.co/bergum/xtremedistil-emotion,HF model-index accuracy on dair-ai/emotion (emotion); family Xtremedistil
GinaYang/distilbert-base-uncased-finetuned-emotion,derivative,Aya,DistilBertForSequenceClassification,distilbert,,dair-ai/emotion,emotion,accuracy,0.9235,,https://huggingface.co/GinaYang/distilbert-base-uncased-finetuned-emotion,HF model-index accuracy on dair-ai/emotion (emotion); family Aya
MoritzLaurer/DeBERTa-v3-base-mnli-fever-anli,derivative,DeBERTa,DebertaV2ForSequenceClassification,deberta-v2,184424963.0,glue/mnli,NLI,accuracy,0.9028,,https://huggingface.co/MoritzLaurer/DeBERTa-v3-base-mnli-fever-anli,HF model-index accuracy on glue/mnli (NLI); family DeBERTa
Jiva/xlm-roberta-large-it-mnli,derivative,RoBERTa,XLMRobertaForSequenceClassification,xlm-roberta,559894021.0,glue/mnli,NLI,accuracy,0.8819,,https://huggingface.co/Jiva/xlm-roberta-large-it-mnli,HF model-index accuracy on glue/mnli (NLI); family RoBERTa
glamprou/switch-base-8-mnli,derivative,Switch,SwitchTransformerForSequenceClassification,switch_transformers,619931136.0,glue/mnli,NLI,accuracy,0.8757,google/switch-base-8,https://huggingface.co/glamprou/switch-base-8-mnli,HF model-index accuracy on glue/mnli (NLI); family Switch
sjrhuschlee/flan-t5-base-mnli,derivative,T5,T5ForSequenceClassification,t5,223496451.0,glue/mnli,NLI,accuracy,0.8747,google/flan-t5-base,https://huggingface.co/sjrhuschlee/flan-t5-base-mnli,HF model-index accuracy on glue/mnli (NLI); family T5
BalaRajesh1/mmbert-small-nli,derivative,BERT,ModernBertForSequenceClassification,modernbert,140642691.0,glue/mnli,NLI,accuracy,0.8556,,https://huggingface.co/BalaRajesh1/mmbert-small-nli,HF model-index accuracy on glue/mnli (NLI); family BERT
JeremiahZ/bert-base-uncased-mnli,derivative,BERT,BertForSequenceClassification,bert,109485059.0,glue/mnli,NLI,accuracy,0.8501,bert-base-uncased,https://huggingface.co/JeremiahZ/bert-base-uncased-mnli,HF model-index accuracy on glue/mnli (NLI); family BERT
gchhablani/bert-base-cased-finetuned-mnli,derivative,BERT,BertForSequenceClassification,bert,,glue/mnli,NLI,accuracy,0.841,,https://huggingface.co/gchhablani/bert-base-cased-finetuned-mnli,HF model-index accuracy on glue/mnli (NLI); family BERT
Alireza1044/mobilebert_mnli,derivative,BERT,MobileBertForSequenceClassification,mobilebert,,glue/mnli,NLI,accuracy,0.823,,https://huggingface.co/Alireza1044/mobilebert_mnli,HF model-index accuracy on glue/mnli (NLI); family BERT
underfit/nli-finetune-model,derivative,Nli,BertForSequenceClassification,bert,,glue/mnli,NLI,accuracy,0.7793,,https://huggingface.co/underfit/nli-finetune-model,HF model-index accuracy on glue/mnli (NLI); family Nli
JeremiahZ/bert-base-uncased-qnli,derivative,BERT,BertForSequenceClassification,bert,109484290.0,glue/qnli,NLI/QA,accuracy,0.9125,bert-base-uncased,https://huggingface.co/JeremiahZ/bert-base-uncased-qnli,HF model-index accuracy on glue/qnli (NLI/QA); family BERT
anirudh21/albert-base-v2-finetuned-qnli,derivative,ALBERT,AlbertForSequenceClassification,albert,,glue/qnli,NLI/QA,accuracy,0.9112,,https://huggingface.co/anirudh21/albert-base-v2-finetuned-qnli,HF model-index accuracy on glue/qnli (NLI/QA); family ALBERT
gchhablani/bert-base-cased-finetuned-qnli,derivative,BERT,BertForSequenceClassification,bert,,glue/qnli,NLI/QA,accuracy,0.9099,,https://huggingface.co/gchhablani/bert-base-cased-finetuned-qnli,HF model-index accuracy on glue/qnli (NLI/QA); family BERT
Alireza1044/mobilebert_QNLI,derivative,BERT,MobileBertForSequenceClassification,mobilebert,,glue/qnli,NLI/QA,accuracy,0.9068,,https://huggingface.co/Alireza1044/mobilebert_QNLI,HF model-index accuracy on glue/qnli (NLI/QA); family BERT
rajiv003/ernie-finetuned-qqp,derivative,ERNIE,BertForSequenceClassification,bert,,glue/qqp,paraphrase,accuracy,0.9157,,https://huggingface.co/rajiv003/ernie-finetuned-qqp,HF model-index accuracy on glue/qqp (paraphrase); family ERNIE
JeremiahZ/roberta-base-qqp,derivative,RoBERTa,RobertaForSequenceClassification,roberta,,glue/qqp,paraphrase,accuracy,0.9153,,https://huggingface.co/JeremiahZ/roberta-base-qqp,HF model-index accuracy on glue/qqp (paraphrase); family RoBERTa
JeremiahZ/bert-base-uncased-qqp,derivative,BERT,BertForSequenceClassification,bert,109484290.0,glue/qqp,paraphrase,accuracy,0.91,bert-base-uncased,https://huggingface.co/JeremiahZ/bert-base-uncased-qqp,HF model-index accuracy on glue/qqp (paraphrase); family BERT
gchhablani/bert-base-cased-finetuned-qqp,derivative,BERT,BertForSequenceClassification,bert,,glue/qqp,paraphrase,accuracy,0.9084,,https://huggingface.co/gchhablani/bert-base-cased-finetuned-qqp,HF model-index accuracy on glue/qqp (paraphrase); family BERT
0xb1/distilbert-base-uncased-finetuned-qqp,derivative,DistilBERT,DistilBertForSequenceClassification,distilbert,,glue/qqp,paraphrase,accuracy,0.9019,,https://huggingface.co/0xb1/distilbert-base-uncased-finetuned-qqp,HF model-index accuracy on glue/qqp (paraphrase); family DistilBERT
Alireza1044/mobilebert_qqp,derivative,BERT,MobileBertForSequenceClassification,mobilebert,,glue/qqp,paraphrase,accuracy,0.8989,,https://huggingface.co/Alireza1044/mobilebert_qqp,HF model-index accuracy on glue/qqp (paraphrase); family BERT
gchhablani/fnet-base-finetuned-qqp,derivative,Fnet,FNetForSequenceClassification,fnet,,glue/qqp,paraphrase,accuracy,0.8847,,https://huggingface.co/gchhablani/fnet-base-finetuned-qqp,HF model-index accuracy on glue/qqp (paraphrase); family Fnet
sileod/deberta-v3-base-tasksource-nli,derivative,DeBERTa,DebertaV2ForSequenceClassification,deberta-v2,184424963.0,glue/rte,NLI,accuracy,0.89,,https://huggingface.co/sileod/deberta-v3-base-tasksource-nli,HF model-index accuracy on glue/rte (NLI); family DeBERTa
anirudh21/albert-base-v2-finetuned-rte,derivative,ALBERT,AlbertForSequenceClassification,albert,,glue/rte,NLI,accuracy,0.7581,,https://huggingface.co/anirudh21/albert-base-v2-finetuned-rte,HF model-index accuracy on glue/rte (NLI); family ALBERT
JeremiahZ/bert-base-uncased-rte,derivative,BERT,BertForSequenceClassification,bert,109484290.0,glue/rte,NLI,accuracy,0.6895,bert-base-uncased,https://huggingface.co/JeremiahZ/bert-base-uncased-rte,HF model-index accuracy on glue/rte (NLI); family BERT
Alireza1044/mobilebert_rte,derivative,BERT,MobileBertForSequenceClassification,mobilebert,,glue/rte,NLI,accuracy,0.6679,,https://huggingface.co/Alireza1044/mobilebert_rte,HF model-index accuracy on glue/rte (NLI); family BERT
anirudh21/bert-base-uncased-finetuned-rte,derivative,BERT,BertForSequenceClassification,bert,,glue/rte,NLI,accuracy,0.6643,,https://huggingface.co/anirudh21/bert-base-uncased-finetuned-rte,HF model-index accuracy on glue/rte (NLI); family BERT
RayNguyent/finetuning-sentiment-model,derivative,Finetuning,DistilBertForSequenceClassification,distilbert,,imdb,sentiment(long),accuracy,1.0,distilbert-base-uncased,https://huggingface.co/RayNguyent/finetuning-sentiment-model,HF model-index accuracy on imdb (sentiment(long)); family Finetuning
bwhite5311/NLP-sentiment-project-2001-samples,derivative,Nlp,DistilBertForSequenceClassification,distilbert,,imdb,sentiment(long),accuracy,0.9998,,https://huggingface.co/bwhite5311/NLP-sentiment-project-2001-samples,HF model-index accuracy on imdb (sentiment(long)); family Nlp
bwhite5311/NLP-sentiment-project-2000-samples,derivative,Nlp,DistilBertForSequenceClassification,distilbert,,imdb,sentiment(long),accuracy,0.9715,,https://huggingface.co/bwhite5311/NLP-sentiment-project-2000-samples,HF model-index accuracy on imdb (sentiment(long)); family Nlp
bwhite5311/finetuning-sentiment-mode-3000-samples,derivative,Finetuning,DistilBertForSequenceClassification,distilbert,,imdb,sentiment(long),accuracy,0.96,,https://huggingface.co/bwhite5311/finetuning-sentiment-mode-3000-samples,HF model-index accuracy on imdb (sentiment(long)); family Finetuning
wrmurray/roberta-base-finetuned-imdb,derivative,RoBERTa,RobertaForSequenceClassification,roberta,,imdb,sentiment(long),accuracy,0.9552,,https://huggingface.co/wrmurray/roberta-base-finetuned-imdb,HF model-index accuracy on imdb (sentiment(long)); family RoBERTa
tonystark0/distilbert-imdb-sentiment-classifier,derivative,DistilBERT,DistilBertForSequenceClassification,distilbert,,imdb,sentiment(long),accuracy,0.9316,,https://huggingface.co/tonystark0/distilbert-imdb-sentiment-classifier,HF model-index accuracy on imdb (sentiment(long)); family DistilBERT
iammartian0/sentiment_analysis_model,derivative,Sentiment,DistilBertForSequenceClassification,distilbert,,imdb,sentiment(long),accuracy,0.9314,,https://huggingface.co/iammartian0/sentiment_analysis_model,HF model-index accuracy on imdb (sentiment(long)); family Sentiment
CMunch/fine_tuned_temp_real,derivative,Fine,DistilBertForSequenceClassification,distilbert,,imdb,sentiment(long),accuracy,0.9312,,https://huggingface.co/CMunch/fine_tuned_temp_real,HF model-index accuracy on imdb (sentiment(long)); family Fine
zzy113/my_awesome_model,derivative,Awesome,DistilBertForSequenceClassification,distilbert,,imdb,sentiment(long),accuracy,0.931,,https://huggingface.co/zzy113/my_awesome_model,HF model-index accuracy on imdb (sentiment(long)); family Awesome
mwinterhalter/my-sentiment-model,derivative,Sentiment,DistilBertForSequenceClassification,distilbert,,imdb,sentiment(long),accuracy,0.9307,,https://huggingface.co/mwinterhalter/my-sentiment-model,HF model-index accuracy on imdb (sentiment(long)); family Sentiment
Realgon/distilbert_imdb_padding70model,derivative,DistilBERT,DistilBertForSequenceClassification,distilbert,66955010.0,imdb,sentiment(long),accuracy,0.9304,distilbert-base-uncased,https://huggingface.co/Realgon/distilbert_imdb_padding70model,HF model-index accuracy on imdb (sentiment(long)); family DistilBERT
dhlee347/distilbert-imdb,derivative,DistilBERT,DistilBertForSequenceClassification,distilbert,,imdb,sentiment(long),accuracy,0.9302,,https://huggingface.co/dhlee347/distilbert-imdb,HF model-index accuracy on imdb (sentiment(long)); family DistilBERT
Remicm/sentiment-analysis-model-for-socialmedia,derivative,Sentiment,DistilBertForSequenceClassification,distilbert,,imdb,sentiment(long),accuracy,0.9297,,https://huggingface.co/Remicm/sentiment-analysis-model-for-socialmedia,HF model-index accuracy on imdb (sentiment(long)); family Sentiment
Zhaohui/finetuning-sentiment-model-imdb,derivative,Finetuning,DistilBertForSequenceClassification,distilbert,,imdb,sentiment(long),accuracy,0.9285,,https://huggingface.co/Zhaohui/finetuning-sentiment-model-imdb,HF model-index accuracy on imdb (sentiment(long)); family Finetuning
eugenecamus/distilbert-imdb-demo,derivative,DistilBERT,DistilBertForSequenceClassification,distilbert,,imdb,sentiment(long),accuracy,0.928,,https://huggingface.co/eugenecamus/distilbert-imdb-demo,HF model-index accuracy on imdb (sentiment(long)); family DistilBERT
yujiepan/bert-base-uncased-imdb,derivative,BERT,BertForSequenceClassification,bert,109484290.0,imdb,sentiment(long),accuracy,0.9209,textattack/bert-base-uncased-imdb,https://huggingface.co/yujiepan/bert-base-uncased-imdb,HF model-index accuracy on imdb (sentiment(long)); family BERT
DravenTay/finetuning-sentiment-model-3000-samples,derivative,Finetuning,OPTForSequenceClassification,opt,,imdb,sentiment(long),accuracy,0.92,,https://huggingface.co/DravenTay/finetuning-sentiment-model-3000-samples,HF model-index accuracy on imdb (sentiment(long)); family Finetuning
RANG012/SENATOR,derivative,Senator,DistilBertForSequenceClassification,distilbert,,imdb,sentiment(long),accuracy,0.916,,https://huggingface.co/RANG012/SENATOR,HF model-index accuracy on imdb (sentiment(long)); family Senator
federicopascual/finetuned-sentiment-analysis-model,derivative,Sentiment,DistilBertForSequenceClassification,distilbert,,imdb,sentiment(long),accuracy,0.909,,https://huggingface.co/federicopascual/finetuned-sentiment-analysis-model,HF model-index accuracy on imdb (sentiment(long)); family Sentiment
muhtasham/finetuned-mlm_small,derivative,Mlm,BertForSequenceClassification,bert,,imdb,sentiment(long),accuracy,0.9084,,https://huggingface.co/muhtasham/finetuned-mlm_small,HF model-index accuracy on imdb (sentiment(long)); family Mlm
muhtasham/finetuned-base_mini,derivative,Other,BertForSequenceClassification,bert,,imdb,sentiment(long),accuracy,0.9076,google/bert_uncased_L-4_H-256_A-4,https://huggingface.co/muhtasham/finetuned-base_mini,HF model-index accuracy on imdb (sentiment(long)); family Other
Neha988/finetuning-movie-roberta,derivative,RoBERTa,XLMRobertaForSequenceClassification,xlm-roberta,,imdb,sentiment(long),accuracy,0.8956,,https://huggingface.co/Neha988/finetuning-movie-roberta,HF model-index accuracy on imdb (sentiment(long)); family RoBERTa
Jhandry/roberta-base-bne-finetuned-amazon_practica,derivative,RoBERTa,RobertaForSequenceClassification,roberta,,mteb_amazon_reviews_multi_en,review-sentiment,accuracy,0.9365,,https://huggingface.co/Jhandry/roberta-base-bne-finetuned-amazon_practica,HF model-index accuracy on mteb_amazon_reviews_multi_en (review-sentiment); family RoBERTa
AnaBach/roberta-base-bne-finetuned-amazon_reviews_multi,derivative,RoBERTa,RobertaForSequenceClassification,roberta,,mteb_amazon_reviews_multi_en,review-sentiment,accuracy,0.9355,,https://huggingface.co/AnaBach/roberta-base-bne-finetuned-amazon_reviews_multi,HF model-index accuracy on mteb_amazon_reviews_multi_en (review-sentiment); family RoBERTa
Chanblock/roberta-base-bne-finetuned-amazon_reviews_multi,derivative,RoBERTa,RobertaForSequenceClassification,roberta,,mteb_amazon_reviews_multi_en,review-sentiment,accuracy,0.9337,BSC-TeMU/roberta-base-bne,https://huggingface.co/Chanblock/roberta-base-bne-finetuned-amazon_reviews_multi,HF model-index accuracy on mteb_amazon_reviews_multi_en (review-sentiment); family RoBERTa
VictorAyora/roberta-base-bne-clasificacion-de-texto-supervisado,derivative,RoBERTa,RobertaForSequenceClassification,roberta,,mteb_amazon_reviews_multi_en,review-sentiment,accuracy,0.9337,,https://huggingface.co/VictorAyora/roberta-base-bne-clasificacion-de-texto-supervisado,HF model-index accuracy on mteb_amazon_reviews_multi_en (review-sentiment); family RoBERTa
sasha/khipu-finetuned-amazon_reviews_multi,derivative,Khipu,RobertaForSequenceClassification,roberta,,mteb_amazon_reviews_multi_en,review-sentiment,accuracy,0.9113,,https://huggingface.co/sasha/khipu-finetuned-amazon_reviews_multi,HF model-index accuracy on mteb_amazon_reviews_multi_en (review-sentiment); family Khipu
pporteiro/finetuned-amazon_reviews_multi,derivative,Amazon,RobertaForSequenceClassification,roberta,,mteb_amazon_reviews_multi_en,review-sentiment,accuracy,0.909,,https://huggingface.co/pporteiro/finetuned-amazon_reviews_multi,HF model-index accuracy on mteb_amazon_reviews_multi_en (review-sentiment); family Amazon
gcapde/khipu-finetuned-amazon_reviews_multi,derivative,Khipu,RobertaForSequenceClassification,roberta,,mteb_amazon_reviews_multi_en,review-sentiment,accuracy,0.909,,https://huggingface.co/gcapde/khipu-finetuned-amazon_reviews_multi,HF model-index accuracy on mteb_amazon_reviews_multi_en (review-sentiment); family Khipu
FlorR/khipu-finetuned-amazon_reviews_multi,derivative,Khipu,RobertaForSequenceClassification,roberta,,mteb_amazon_reviews_multi_en,review-sentiment,accuracy,0.9087,,https://huggingface.co/FlorR/khipu-finetuned-amazon_reviews_multi,HF model-index accuracy on mteb_amazon_reviews_multi_en (review-sentiment); family Khipu
sofia425/khipu-finetuned-amazon_reviews_multi,derivative,Khipu,RobertaForSequenceClassification,roberta,,mteb_amazon_reviews_multi_en,review-sentiment,accuracy,0.9085,,https://huggingface.co/sofia425/khipu-finetuned-amazon_reviews_multi,HF model-index accuracy on mteb_amazon_reviews_multi_en (review-sentiment); family Khipu
gcapde/gcapde-finetuned-amazon_reviews_multi,derivative,Gcapde,RobertaForSequenceClassification,roberta,,mteb_amazon_reviews_multi_en,review-sentiment,accuracy,0.908,,https://huggingface.co/gcapde/gcapde-finetuned-amazon_reviews_multi,HF model-index accuracy on mteb_amazon_reviews_multi_en (review-sentiment); family Gcapde
javiteri95/khipu-finetuned-amazon_reviews_multi,derivative,ViT,RobertaForSequenceClassification,roberta,,mteb_amazon_reviews_multi_en,review-sentiment,accuracy,0.9058,,https://huggingface.co/javiteri95/khipu-finetuned-amazon_reviews_multi,HF model-index accuracy on mteb_amazon_reviews_multi_en (review-sentiment); family ViT
brianlorenzo/TALLER-IA-Comentarios-De-Amazon,derivative,Taller,RobertaForSequenceClassification,roberta,,mteb_amazon_reviews_multi_en,review-sentiment,accuracy,0.9038,,https://huggingface.co/brianlorenzo/TALLER-IA-Comentarios-De-Amazon,HF model-index accuracy on mteb_amazon_reviews_multi_en (review-sentiment); family Taller
amir7d0/distilbert-base-uncased-finetuned-amazon-reviews,derivative,DistilBERT,DistilBertForSequenceClassification,distilbert,,mteb_amazon_reviews_multi_en,review-sentiment,accuracy,0.8558,,https://huggingface.co/amir7d0/distilbert-base-uncased-finetuned-amazon-reviews,HF model-index accuracy on mteb_amazon_reviews_multi_en (review-sentiment); family DistilBERT
Lazaro97/results,derivative,Results,RobertaForSequenceClassification,roberta,,mteb_amazon_reviews_multi_en,review-sentiment,accuracy,0.8404,,https://huggingface.co/Lazaro97/results,HF model-index accuracy on mteb_amazon_reviews_multi_en (review-sentiment); family Results
santiviquez/amazon-reviews-finetuning-distilbert-base-uncased,derivative,DistilBERT,BertForSequenceClassification,bert,,mteb_amazon_reviews_multi_en,review-sentiment,accuracy,0.7703,nlptown/bert-base-multilingual-uncased-sentiment,https://huggingface.co/santiviquez/amazon-reviews-finetuning-distilbert-base-uncased,HF model-index accuracy on mteb_amazon_reviews_multi_en (review-sentiment); family DistilBERT
NannyML/amazon-reviews-sentiment-bert-base-uncased-6000-samples,derivative,BERT,BertForSequenceClassification,bert,,mteb_amazon_reviews_multi_en,review-sentiment,accuracy,0.7679,nlptown/bert-base-multilingual-uncased-sentiment,https://huggingface.co/NannyML/amazon-reviews-sentiment-bert-base-uncased-6000-samples,HF model-index accuracy on mteb_amazon_reviews_multi_en (review-sentiment); family BERT
philschmid/distilbert-base-multilingual-cased-sentiment,derivative,Phi,DistilBertForSequenceClassification,distilbert,,mteb_amazon_reviews_multi_en,review-sentiment,accuracy,0.7648,,https://huggingface.co/philschmid/distilbert-base-multilingual-cased-sentiment,HF model-index accuracy on mteb_amazon_reviews_multi_en (review-sentiment); family Phi
arjuntheprogrammer/distilbert-base-multilingual-cased-sentiment-2,derivative,DistilBERT,DistilBertForSequenceClassification,distilbert,,mteb_amazon_reviews_multi_en,review-sentiment,accuracy,0.7614,,https://huggingface.co/arjuntheprogrammer/distilbert-base-multilingual-cased-sentiment-2,HF model-index accuracy on mteb_amazon_reviews_multi_en (review-sentiment); family DistilBERT
philschmid/distilbert-base-multilingual-cased-sentiment-2,derivative,Phi,DistilBertForSequenceClassification,distilbert,,mteb_amazon_reviews_multi_en,review-sentiment,accuracy,0.7476,,https://huggingface.co/philschmid/distilbert-base-multilingual-cased-sentiment-2,HF model-index accuracy on mteb_amazon_reviews_multi_en (review-sentiment); family Phi
santiviquez/amazon-reviews-sentiment-distilbert-base-uncased-6000-samples,derivative,DistilBERT,DistilBertForSequenceClassification,distilbert,,mteb_amazon_reviews_multi_en,review-sentiment,accuracy,0.7355,distilbert-base-uncased,https://huggingface.co/santiviquez/amazon-reviews-sentiment-distilbert-base-uncased-6000-samples,HF model-index accuracy on mteb_amazon_reviews_multi_en (review-sentiment); family DistilBERT
dmjimenezbravo/electra-small-discriminator-text-classification-en-finetuned-amazon_reviews_multi-en,derivative,ELECTRA,ElectraForSequenceClassification,electra,13550597.0,mteb_amazon_reviews_multi_en,review-sentiment,accuracy,0.5922,,https://huggingface.co/dmjimenezbravo/electra-small-discriminator-text-classification-en-finetuned-amazon_reviews_multi-en,HF model-index accuracy on mteb_amazon_reviews_multi_en (review-sentiment); family ELECTRA
richardc7/electricidad-small-finetuned-amazon-review-classification,derivative,Electricidad,ElectraForSequenceClassification,electra,,mteb_amazon_reviews_multi_en,review-sentiment,accuracy,0.581,,https://huggingface.co/richardc7/electricidad-small-finetuned-amazon-review-classification,HF model-index accuracy on mteb_amazon_reviews_multi_en (review-sentiment); family Electricidad
Sigma/financial-sentiment-analysis,derivative,Financial,BertForSequenceClassification,bert,,twitter-financial-news-sentiment,finance-sentiment,accuracy,0.9924,,https://huggingface.co/Sigma/financial-sentiment-analysis,HF model-index accuracy on twitter-financial-news-sentiment (finance-sentiment); family Financial
Farshid/bert-large-uncased-financial-phrasebank-allagree2,derivative,BERT,BertForSequenceClassification,bert,,twitter-financial-news-sentiment,finance-sentiment,accuracy,0.9912,,https://huggingface.co/Farshid/bert-large-uncased-financial-phrasebank-allagree2,HF model-index accuracy on twitter-financial-news-sentiment (finance-sentiment); family BERT
halvion/finetuning-sentiment-model-3000-samples,derivative,Finetuning,DistilBertForSequenceClassification,distilbert,66955779.0,twitter-financial-news-sentiment,finance-sentiment,accuracy,0.9801,distilbert-base-uncased,https://huggingface.co/halvion/finetuning-sentiment-model-3000-samples,HF model-index accuracy on twitter-financial-news-sentiment (finance-sentiment); family Finetuning
bardsai/finance-sentiment-es-base,derivative,Finance,BertForSequenceClassification,bert,109853187.0,twitter-financial-news-sentiment,finance-sentiment,accuracy,0.978,dccuchile/bert-base-spanish-wwm-cased,https://huggingface.co/bardsai/finance-sentiment-es-base,HF model-index accuracy on twitter-financial-news-sentiment (finance-sentiment); family Finance
Farshid/distilbert-base-uncased_allagree3,derivative,DistilBERT,DistilBertForSequenceClassification,distilbert,,twitter-financial-news-sentiment,finance-sentiment,accuracy,0.9779,,https://huggingface.co/Farshid/distilbert-base-uncased_allagree3,HF model-index accuracy on twitter-financial-news-sentiment (finance-sentiment); family DistilBERT
bardsai/finance-sentiment-pl-base,derivative,Finance,BertForSequenceClassification,bert,124445701.0,twitter-financial-news-sentiment,finance-sentiment,accuracy,0.976,allegro/herbert-base-cased,https://huggingface.co/bardsai/finance-sentiment-pl-base,HF model-index accuracy on twitter-financial-news-sentiment (finance-sentiment); family Finance
hadangvu/pkd-albert-student,derivative,ALBERT,AlbertForSequenceClassification,albert,11685891.0,twitter-financial-news-sentiment,finance-sentiment,accuracy,0.9735,albert-base-v2,https://huggingface.co/hadangvu/pkd-albert-student,HF model-index accuracy on twitter-financial-news-sentiment (finance-sentiment); family ALBERT
Farshid/roberta-large-financial-phrasebank-allagree1,derivative,RoBERTa,RobertaForSequenceClassification,roberta,,twitter-financial-news-sentiment,finance-sentiment,accuracy,0.9735,,https://huggingface.co/Farshid/roberta-large-financial-phrasebank-allagree1,HF model-index accuracy on twitter-financial-news-sentiment (finance-sentiment); family RoBERTa
bardsai/finance-sentiment-zh-base,derivative,Finance,BertForSequenceClassification,bert,102270467.0,twitter-financial-news-sentiment,finance-sentiment,accuracy,0.973,google-bert/bert-base-chinese,https://huggingface.co/bardsai/finance-sentiment-zh-base,HF model-index accuracy on twitter-financial-news-sentiment (finance-sentiment); family Finance
bardsai/finance-sentiment-fr-base,derivative,Finance,CamembertForSequenceClassification,camembert,110624259.0,twitter-financial-news-sentiment,finance-sentiment,accuracy,0.971,camembert-base,https://huggingface.co/bardsai/finance-sentiment-fr-base,HF model-index accuracy on twitter-financial-news-sentiment (finance-sentiment); family Finance
daan1213/my_awesome_model,derivative,Awesome,DistilBertForSequenceClassification,distilbert,,twitter-financial-news-sentiment,finance-sentiment,accuracy,0.9669,,https://huggingface.co/daan1213/my_awesome_model,HF model-index accuracy on twitter-financial-news-sentiment (finance-sentiment); family Awesome
AnkitAI/distilbert-base-uncased-financial-news-sentiment-analysis,derivative,DistilBERT,DistilBertForSequenceClassification,distilbert,66955779.0,twitter-financial-news-sentiment,finance-sentiment,accuracy,0.9669,distilbert/distilbert-base-uncased-finetuned-sst-2-english,https://huggingface.co/AnkitAI/distilbert-base-uncased-financial-news-sentiment-analysis,HF model-index accuracy on twitter-financial-news-sentiment (finance-sentiment); family DistilBERT
peyterho/financial-roberta-large-macro-sentiment,derivative,RoBERTa,RobertaForSequenceClassification,roberta,355362819.0,twitter-financial-news-sentiment,finance-sentiment,accuracy,0.9414,soleimanian/financial-roberta-large-sentiment,https://huggingface.co/peyterho/financial-roberta-large-macro-sentiment,HF model-index accuracy on twitter-financial-news-sentiment (finance-sentiment); family RoBERTa
gd1m3y/sentiment_bert,derivative,BERT,BertForSequenceClassification,bert,,twitter-financial-news-sentiment,finance-sentiment,accuracy,0.936,,https://huggingface.co/gd1m3y/sentiment_bert,HF model-index accuracy on twitter-financial-news-sentiment (finance-sentiment); family BERT
peyterho/climatebert-macro-sentiment,derivative,BERT,RobertaForSequenceClassification,roberta,82301187.0,twitter-financial-news-sentiment,finance-sentiment,accuracy,0.9248,climatebert/distilroberta-base-climate-sentiment,https://huggingface.co/peyterho/climatebert-macro-sentiment,HF model-index accuracy on twitter-financial-news-sentiment (finance-sentiment); family BERT
peyterho/macro-sentiment-finbert,derivative,BERT,BertForSequenceClassification,bert,109484547.0,twitter-financial-news-sentiment,finance-sentiment,accuracy,0.9236,ProsusAI/finbert,https://huggingface.co/peyterho/macro-sentiment-finbert,HF model-index accuracy on twitter-financial-news-sentiment (finance-sentiment); family BERT
oandreae/financial_sentiment_model,derivative,Financial,PerceiverForSequenceClassification,perceiver,,twitter-financial-news-sentiment,finance-sentiment,accuracy,0.8804,,https://huggingface.co/oandreae/financial_sentiment_model,HF model-index accuracy on twitter-financial-news-sentiment (finance-sentiment); family Financial
JPBianchi/phrasebank-sentiment-analysis,derivative,Phrasebank,BertForSequenceClassification,bert,,twitter-financial-news-sentiment,finance-sentiment,accuracy,0.8762,bert-base-uncased,https://huggingface.co/JPBianchi/phrasebank-sentiment-analysis,HF model-index accuracy on twitter-financial-news-sentiment (finance-sentiment); family Phrasebank
scbtm/phrasebank-sentiment-analysis,derivative,Phrasebank,BertForSequenceClassification,bert,,twitter-financial-news-sentiment,finance-sentiment,accuracy,0.87,bert-base-uncased,https://huggingface.co/scbtm/phrasebank-sentiment-analysis,HF model-index accuracy on twitter-financial-news-sentiment (finance-sentiment); family Phrasebank
edangx100/phrasebank-sentiment-analysis,derivative,Phrasebank,BertForSequenceClassification,bert,,twitter-financial-news-sentiment,finance-sentiment,accuracy,0.8693,bert-base-uncased,https://huggingface.co/edangx100/phrasebank-sentiment-analysis,HF model-index accuracy on twitter-financial-news-sentiment (finance-sentiment); family Phrasebank
richychn/phrasebank-sentiment-analysis,derivative,Phrasebank,BertForSequenceClassification,bert,,twitter-financial-news-sentiment,finance-sentiment,accuracy,0.8686,bert-base-uncased,https://huggingface.co/richychn/phrasebank-sentiment-analysis,HF model-index accuracy on twitter-financial-news-sentiment (finance-sentiment); family Phrasebank
OMCHOKSI108/FineStream,derivative,Finestream,RobertaForSequenceClassification,roberta,82120707.0,twitter-financial-news-sentiment,finance-sentiment,accuracy,0.868,,https://huggingface.co/OMCHOKSI108/FineStream,HF model-index accuracy on twitter-financial-news-sentiment (finance-sentiment); family Finestream
semindan/xnli_xlm_r_only_en,derivative,XLM,XLMRobertaForSequenceClassification,xlm-roberta,,xnli_en,NLI(multiling),accuracy,0.8506,,https://huggingface.co/semindan/xnli_xlm_r_only_en,HF model-index accuracy on xnli_en (NLI(multiling)); family XLM
PJM124/checkpoints_xnli,derivative,Checkpoints,XLMRobertaForSequenceClassification,xlm-roberta,278045955.0,xnli_en,NLI(multiling),accuracy,0.8473,xlm-roberta-base,https://huggingface.co/PJM124/checkpoints_xnli,HF model-index accuracy on xnli_en (NLI(multiling)); family Checkpoints
nahiar/zero-shot-classification,derivative,Zero,XLMRobertaForSequenceClassification,xlm-roberta,560943621.0,xnli_en,NLI(multiling),accuracy,0.834,,https://huggingface.co/nahiar/zero-shot-classification,HF model-index accuracy on xnli_en (NLI(multiling)); family Zero
gayanin/bert-xnli-es-classifier,derivative,Aya,BertForSequenceClassification,bert,,xnli_en,NLI(multiling),accuracy,0.8277,,https://huggingface.co/gayanin/bert-xnli-es-classifier,HF model-index accuracy on xnli_en (NLI(multiling)); family Aya
MayaGalvez/bert-base-multilingual-cased-finetuned-nli,derivative,Aya,BertForSequenceClassification,bert,,xnli_en,NLI(multiling),accuracy,0.8157,,https://huggingface.co/MayaGalvez/bert-base-multilingual-cased-finetuned-nli,HF model-index accuracy on xnli_en (NLI(multiling)); family Aya
semindan/xnli_xlm_r_only_es,derivative,XLM,XLMRobertaForSequenceClassification,xlm-roberta,,xnli_en,NLI(multiling),accuracy,0.8096,,https://huggingface.co/semindan/xnli_xlm_r_only_es,HF model-index accuracy on xnli_en (NLI(multiling)); family XLM
semindan/xnli_m_bert_only_en,derivative,BERT,BertForSequenceClassification,bert,,xnli_en,NLI(multiling),accuracy,0.8076,,https://huggingface.co/semindan/xnli_m_bert_only_en,HF model-index accuracy on xnli_en (NLI(multiling)); family BERT
semindan/xnli_xlm_r_only_fr,derivative,XLM,XLMRobertaForSequenceClassification,xlm-roberta,,xnli_en,NLI(multiling),accuracy,0.79,,https://huggingface.co/semindan/xnli_xlm_r_only_fr,HF model-index accuracy on xnli_en (NLI(multiling)); family XLM
SarahAdnan/bert-base-arabic-electra-xnli-finetuned,derivative,ELECTRA,ElectraForSequenceClassification,electra,,xnli_en,NLI(multiling),accuracy,0.787,,https://huggingface.co/SarahAdnan/bert-base-arabic-electra-xnli-finetuned,HF model-index accuracy on xnli_en (NLI(multiling)); family ELECTRA
semindan/xnli_xlm_r_only_de,derivative,XLM,XLMRobertaForSequenceClassification,xlm-roberta,,xnli_en,NLI(multiling),accuracy,0.7863,,https://huggingface.co/semindan/xnli_xlm_r_only_de,HF model-index accuracy on xnli_en (NLI(multiling)); family XLM
gayanin/bert-xnli-de-classifier,derivative,Aya,BertForSequenceClassification,bert,,xnli_en,NLI(multiling),accuracy,0.7807,,https://huggingface.co/gayanin/bert-xnli-de-classifier,HF model-index accuracy on xnli_en (NLI(multiling)); family Aya
semindan/xnli_m_bert_only_es,derivative,BERT,BertForSequenceClassification,bert,,xnli_en,NLI(multiling),accuracy,0.7795,,https://huggingface.co/semindan/xnli_m_bert_only_es,HF model-index accuracy on xnli_en (NLI(multiling)); family BERT
BalaRajesh1/mmbert-small-nli,derivative,BERT,ModernBertForSequenceClassification,modernbert,140642691.0,xnli_en,NLI(multiling),accuracy,0.7772,,https://huggingface.co/BalaRajesh1/mmbert-small-nli,HF model-index accuracy on xnli_en (NLI(multiling)); family BERT
semindan/xnli_m_bert_only_fr,derivative,BERT,BertForSequenceClassification,bert,,xnli_en,NLI(multiling),accuracy,0.7675,,https://huggingface.co/semindan/xnli_m_bert_only_fr,HF model-index accuracy on xnli_en (NLI(multiling)); family BERT
Team-PIXEL/pixel-base-finetuned-xnli-translate-train-all,derivative,Pixel,PIXELForSequenceClassification,pixel,,xnli_en,NLI(multiling),accuracy,0.6255,,https://huggingface.co/Team-PIXEL/pixel-base-finetuned-xnli-translate-train-all,HF model-index accuracy on xnli_en (NLI(multiling)); family Pixel
FacebookAI/roberta-base,lineage_hub,RoBERTa,RobertaForMaskedLM,roberta,124697947.0,,(base encoder),,,,https://huggingface.co/FacebookAI/roberta-base,declared base_model of >=2 harvested derivatives; added as a real cross-family lineage hub (no trained_on edge)
bert-base-uncased,lineage_hub,BERT,BertForMaskedLM,bert,110106428.0,,(base encoder),,,,https://huggingface.co/bert-base-uncased,declared base_model of >=2 harvested derivatives; added as a real cross-family lineage hub (no trained_on edge)
distilbert-base-uncased,lineage_hub,DistilBERT,DistilBertForMaskedLM,distilbert,66985530.0,,(base encoder),,,,https://huggingface.co/distilbert-base-uncased,declared base_model of >=2 harvested derivatives; added as a real cross-family lineage hub (no trained_on edge)
nlptown/bert-base-multilingual-uncased-sentiment,lineage_hub,BERT,BertForSequenceClassification,bert,167360261.0,,(base encoder),,,,https://huggingface.co/nlptown/bert-base-multilingual-uncased-sentiment,declared base_model of >=2 harvested derivatives; added as a real cross-family lineage hub (no trained_on edge)
