source,relation,target
ali2066/finetuned_sentence_itr1_2e-05_all_26_02_2022-04_03_26,trained_on,glue/sst2
vaariis/distilbert-base-uncased-finetuned-emotion,trained_on,dair-ai/emotion
marcelcastrobr/sagemaker-distilbert-emotion,trained_on,dair-ai/emotion
jasonyim2/distilbert-base-uncased-finetuned-emotion,trained_on,dair-ai/emotion
abdelkader/distilbert-base-uncased-finetuned-emotion,trained_on,dair-ai/emotion
gchhablani/fnet-base-finetuned-sst2,trained_on,glue/sst2
connectivity/cola_6ep_ft-33,trained_on,glue/cola
connectivity/cola_6ep_ft-22,trained_on,glue/cola
moghis/distilbert-base-uncased-finetuned-emotion,trained_on,dair-ai/emotion
uygarkurt/distilbert-base-uncased-finetuned-emotion,trained_on,dair-ai/emotion
neibla/distilbert-base-uncased-finetuned-emotion,trained_on,dair-ai/emotion
pietrotrope/emotion_final,trained_on,tweet_eval/emotion
aviator-neural/bert-base-uncased-sst2,trained_on,glue/sst2
Jeevesh8/512seq_len_6ep_bert_ft_cola-91,trained_on,glue/cola
markt23917/finetuning-sentiment-model-3000-samples,trained_on,imdb
Jeevesh8/6ep_bert_ft_cola-47,trained_on,glue/cola
aXhyra/demo_sentiment_31415,trained_on,tweet_eval/sentiment
connectivity/cola_6ep_ft-10,trained_on,glue/cola
aXhyra/emotion_trained_31415,trained_on,tweet_eval/emotion
aXhyra/presentation_emotion_31415,trained_on,tweet_eval/emotion
juliensimon/autonlp-imdb-demo-hf-16622767,trained_on,imdb
Alassea/glue_sst_classifier,trained_on,glue/sst2
Jeevesh8/bert_ft_cola-88,trained_on,glue/cola
vaariis/distilbert-base-uncased-finetuned-emotion,trained_on,tweet_eval/irony
jasonyim2/distilbert-base-uncased-finetuned-emotion,trained_on,tweet_eval/irony
dapang/distilroberta-base-mic-sym,trained_on,tweet_eval/irony
PrasunMishra/finetuning-sentiment-model-3000-samples,trained_on,tweet_eval/irony
nurkayevaa/autonlp-bert-covid-407910458,trained_on,tweet_eval/irony
SetFit/distilbert-base-uncased__sst2__train-16-0,trained_on,tweet_eval/irony
abdelkader/distilbert-base-uncased-finetuned-emotion,trained_on,tweet_eval/irony
Capreolus/bert-base-msmarco,trained_on,tweet_eval/irony
Splend1dchan/bert-base-uncased-slue-goldtrascription-e3-lr1e-4,trained_on,tweet_eval/irony
connectivity/cola_6ep_ft-33,trained_on,tweet_eval/irony
Jeevesh8/init_bert_ft_qqp-49,trained_on,tweet_eval/irony
yukta10/finetuning-sentiment-model-3000-samples,trained_on,tweet_eval/irony
connectivity/cola_6ep_ft-22,trained_on,tweet_eval/irony
moghis/distilbert-base-uncased-finetuned-emotion,trained_on,tweet_eval/irony
uygarkurt/distilbert-base-uncased-finetuned-emotion,trained_on,tweet_eval/irony
neibla/distilbert-base-uncased-finetuned-emotion,trained_on,tweet_eval/irony
pietrotrope/emotion_final,trained_on,tweet_eval/irony
aviator-neural/bert-base-uncased-sst2,trained_on,tweet_eval/irony
SetFit/distilbert-base-uncased__sst2__train-32-9,trained_on,tweet_eval/irony
markt23917/finetuning-sentiment-model-3000-samples,trained_on,tweet_eval/irony
aXhyra/demo_sentiment_31415,trained_on,tweet_eval/irony
connectivity/cola_6ep_ft-10,trained_on,tweet_eval/irony
aXhyra/emotion_trained_31415,trained_on,tweet_eval/irony
aXhyra/presentation_emotion_31415,trained_on,tweet_eval/irony
Alassea/glue_sst_classifier,trained_on,tweet_eval/irony
juliensimon/autonlp-imdb-demo-hf-16622767,trained_on,tweet_eval/irony
vaariis/distilbert-base-uncased-finetuned-emotion,trained_on,tweet_eval/hate
riyadhctg/distilbert-base-uncased-finetuned-cola,trained_on,tweet_eval/hate
PrasunMishra/finetuning-sentiment-model-3000-samples,trained_on,tweet_eval/hate
dapang/distilroberta-base-mic-sym,trained_on,tweet_eval/hate
jasonyim2/distilbert-base-uncased-finetuned-emotion,trained_on,tweet_eval/hate
nurkayevaa/autonlp-bert-covid-407910458,trained_on,tweet_eval/hate
ali2066/finetuned_sentence_itr1_2e-05_all_26_02_2022-04_03_26,trained_on,tweet_eval/hate
SetFit/distilbert-base-uncased__hate_speech_offensive__train-16-1,trained_on,tweet_eval/hate
abdelkader/distilbert-base-uncased-finetuned-emotion,trained_on,tweet_eval/hate
gchhablani/fnet-base-finetuned-sst2,trained_on,tweet_eval/hate
Capreolus/bert-base-msmarco,trained_on,tweet_eval/hate
Splend1dchan/bert-base-uncased-slue-goldtrascription-e3-lr1e-4,trained_on,tweet_eval/hate
yukta10/finetuning-sentiment-model-3000-samples,trained_on,tweet_eval/hate
marcelcastrobr/sagemaker-distilbert-emotion,trained_on,tweet_eval/hate
SetFit/distilbert-base-uncased__sst2__train-16-0,trained_on,tweet_eval/hate
moghis/distilbert-base-uncased-finetuned-emotion,trained_on,tweet_eval/hate
connectivity/cola_6ep_ft-33,trained_on,tweet_eval/hate
Jeevesh8/init_bert_ft_qqp-49,trained_on,tweet_eval/hate
uygarkurt/distilbert-base-uncased-finetuned-emotion,trained_on,tweet_eval/hate
SetFit/distilbert-base-uncased__sst2__train-32-9,trained_on,tweet_eval/hate
connectivity/cola_6ep_ft-22,trained_on,tweet_eval/hate
pietrotrope/emotion_final,trained_on,tweet_eval/hate
neibla/distilbert-base-uncased-finetuned-emotion,trained_on,tweet_eval/hate
aviator-neural/bert-base-uncased-sst2,trained_on,tweet_eval/hate
aXhyra/demo_sentiment_31415,trained_on,tweet_eval/hate
usami/distilbert-base-uncased-finetuned-cola,trained_on,tweet_eval/hate
Jeevesh8/512seq_len_6ep_bert_ft_cola-91,trained_on,tweet_eval/hate
aXhyra/emotion_trained_31415,trained_on,tweet_eval/hate
markt23917/finetuning-sentiment-model-3000-samples,trained_on,tweet_eval/hate
Jeevesh8/6ep_bert_ft_cola-47,trained_on,tweet_eval/hate
connectivity/cola_6ep_ft-10,trained_on,tweet_eval/hate
Alassea/glue_sst_classifier,trained_on,tweet_eval/hate
aXhyra/presentation_emotion_31415,trained_on,tweet_eval/hate
juliensimon/autonlp-imdb-demo-hf-16622767,trained_on,tweet_eval/hate
nurkayevaa/autonlp-bert-covid-407910458,trained_on,tweet_eval/sentiment
SetFit/distilbert-base-uncased__sst2__train-16-0,trained_on,tweet_eval/sentiment
PrasunMishra/finetuning-sentiment-model-3000-samples,trained_on,tweet_eval/sentiment
SetFit/distilbert-base-uncased__hate_speech_offensive__train-16-1,trained_on,tweet_eval/sentiment
abdelkader/distilbert-base-uncased-finetuned-emotion,trained_on,tweet_eval/sentiment
yukta10/finetuning-sentiment-model-3000-samples,trained_on,tweet_eval/sentiment
Jeevesh8/init_bert_ft_qqp-49,trained_on,tweet_eval/sentiment
Capreolus/bert-base-msmarco,trained_on,tweet_eval/sentiment
connectivity/cola_6ep_ft-22,trained_on,tweet_eval/sentiment
Splend1dchan/bert-base-uncased-slue-goldtrascription-e3-lr1e-4,trained_on,tweet_eval/sentiment
gchhablani/fnet-base-finetuned-sst2,trained_on,tweet_eval/sentiment
connectivity/cola_6ep_ft-33,trained_on,tweet_eval/sentiment
dapang/distilroberta-base-mic-sym,trained_on,tweet_eval/sentiment
ali2066/finetuned_sentence_itr1_2e-05_all_26_02_2022-04_03_26,trained_on,glue/cola
vaariis/distilbert-base-uncased-finetuned-emotion,trained_on,glue/cola
marcelcastrobr/sagemaker-distilbert-emotion,trained_on,glue/cola
jasonyim2/distilbert-base-uncased-finetuned-emotion,trained_on,glue/cola
dapang/distilroberta-base-mic-sym,trained_on,glue/cola
riyadhctg/distilbert-base-uncased-finetuned-cola,trained_on,glue/cola
PrasunMishra/finetuning-sentiment-model-3000-samples,trained_on,glue/cola
nurkayevaa/autonlp-bert-covid-407910458,trained_on,glue/cola
SetFit/distilbert-base-uncased__sst2__train-16-0,trained_on,glue/cola
abdelkader/distilbert-base-uncased-finetuned-emotion,trained_on,glue/cola
SetFit/distilbert-base-uncased__hate_speech_offensive__train-16-1,trained_on,glue/cola
Capreolus/bert-base-msmarco,trained_on,glue/cola
Splend1dchan/bert-base-uncased-slue-goldtrascription-e3-lr1e-4,trained_on,glue/cola
connectivity/cola_6ep_ft-33,trained_on,glue/cola
Jeevesh8/init_bert_ft_qqp-49,trained_on,glue/cola
yukta10/finetuning-sentiment-model-3000-samples,trained_on,glue/cola
connectivity/cola_6ep_ft-22,trained_on,glue/cola
moghis/distilbert-base-uncased-finetuned-emotion,trained_on,glue/cola
uygarkurt/distilbert-base-uncased-finetuned-emotion,trained_on,glue/cola
neibla/distilbert-base-uncased-finetuned-emotion,trained_on,glue/cola
pietrotrope/emotion_final,trained_on,glue/cola
SetFit/distilbert-base-uncased__sst2__train-32-9,trained_on,glue/cola
usami/distilbert-base-uncased-finetuned-cola,trained_on,glue/cola
markt23917/finetuning-sentiment-model-3000-samples,trained_on,glue/cola
aviator-neural/bert-base-uncased-sst2,trained_on,glue/cola
Jeevesh8/512seq_len_6ep_bert_ft_cola-91,trained_on,glue/cola
aXhyra/demo_sentiment_31415,trained_on,glue/cola
connectivity/cola_6ep_ft-10,trained_on,glue/cola
aXhyra/emotion_trained_31415,trained_on,glue/cola
aXhyra/presentation_emotion_31415,trained_on,glue/cola
Jeevesh8/6ep_bert_ft_cola-47,trained_on,glue/cola
juliensimon/autonlp-imdb-demo-hf-16622767,trained_on,glue/cola
Alassea/glue_sst_classifier,trained_on,glue/cola
Jeevesh8/bert_ft_cola-88,trained_on,glue/cola
jasonyim2/distilbert-base-uncased-finetuned-emotion,trained_on,rotten_tomatoes
ali2066/finetuned_sentence_itr1_2e-05_all_26_02_2022-04_03_26,trained_on,rotten_tomatoes
PrasunMishra/finetuning-sentiment-model-3000-samples,trained_on,rotten_tomatoes
SetFit/distilbert-base-uncased__sst2__train-16-0,trained_on,rotten_tomatoes
marcelcastrobr/sagemaker-distilbert-emotion,trained_on,rotten_tomatoes
nurkayevaa/autonlp-bert-covid-407910458,trained_on,rotten_tomatoes
riyadhctg/distilbert-base-uncased-finetuned-cola,trained_on,rotten_tomatoes
SetFit/distilbert-base-uncased__hate_speech_offensive__train-16-1,trained_on,rotten_tomatoes
abdelkader/distilbert-base-uncased-finetuned-emotion,trained_on,rotten_tomatoes
dapang/distilroberta-base-mic-sym,trained_on,rotten_tomatoes
gchhablani/fnet-base-finetuned-sst2,trained_on,rotten_tomatoes
yukta10/finetuning-sentiment-model-3000-samples,trained_on,rotten_tomatoes
Capreolus/bert-base-msmarco,trained_on,rotten_tomatoes
connectivity/cola_6ep_ft-33,trained_on,rotten_tomatoes
Splend1dchan/bert-base-uncased-slue-goldtrascription-e3-lr1e-4,trained_on,rotten_tomatoes
connectivity/cola_6ep_ft-22,trained_on,rotten_tomatoes
pietrotrope/emotion_final,trained_on,rotten_tomatoes
Jeevesh8/init_bert_ft_qqp-49,trained_on,rotten_tomatoes
moghis/distilbert-base-uncased-finetuned-emotion,trained_on,rotten_tomatoes
neibla/distilbert-base-uncased-finetuned-emotion,trained_on,rotten_tomatoes
uygarkurt/distilbert-base-uncased-finetuned-emotion,trained_on,rotten_tomatoes
aXhyra/demo_sentiment_31415,trained_on,rotten_tomatoes
aviator-neural/bert-base-uncased-sst2,trained_on,rotten_tomatoes
Jeevesh8/6ep_bert_ft_cola-47,trained_on,rotten_tomatoes
Jeevesh8/512seq_len_6ep_bert_ft_cola-91,trained_on,rotten_tomatoes
aXhyra/presentation_emotion_31415,trained_on,rotten_tomatoes
aXhyra/emotion_trained_31415,trained_on,rotten_tomatoes
SetFit/distilbert-base-uncased__sst2__train-32-9,trained_on,rotten_tomatoes
markt23917/finetuning-sentiment-model-3000-samples,trained_on,rotten_tomatoes
connectivity/cola_6ep_ft-10,trained_on,rotten_tomatoes
juliensimon/autonlp-imdb-demo-hf-16622767,trained_on,rotten_tomatoes
Alassea/glue_sst_classifier,trained_on,rotten_tomatoes
Jeevesh8/bert_ft_cola-88,trained_on,rotten_tomatoes
vaariis/distilbert-base-uncased-finetuned-emotion,trained_on,tweet_eval/offensive
marcelcastrobr/sagemaker-distilbert-emotion,trained_on,tweet_eval/offensive
ali2066/finetuned_sentence_itr1_2e-05_all_26_02_2022-04_03_26,trained_on,tweet_eval/offensive
nurkayevaa/autonlp-bert-covid-407910458,trained_on,tweet_eval/offensive
abdelkader/distilbert-base-uncased-finetuned-emotion,trained_on,tweet_eval/offensive
SetFit/distilbert-base-uncased__hate_speech_offensive__train-16-1,trained_on,tweet_eval/offensive
yukta10/finetuning-sentiment-model-3000-samples,trained_on,tweet_eval/offensive
PrasunMishra/finetuning-sentiment-model-3000-samples,trained_on,tweet_eval/offensive
usami/distilbert-base-uncased-finetuned-cola,trained_on,rotten_tomatoes
riyadhctg/distilbert-base-uncased-finetuned-cola,trained_on,tweet_eval/offensive
dapang/distilroberta-base-mic-sym,trained_on,tweet_eval/offensive
jasonyim2/distilbert-base-uncased-finetuned-emotion,trained_on,tweet_eval/offensive
uygarkurt/distilbert-base-uncased-finetuned-emotion,trained_on,tweet_eval/offensive
Jeevesh8/init_bert_ft_qqp-49,trained_on,tweet_eval/offensive
Splend1dchan/bert-base-uncased-slue-goldtrascription-e3-lr1e-4,trained_on,tweet_eval/offensive
connectivity/cola_6ep_ft-33,trained_on,tweet_eval/offensive
neibla/distilbert-base-uncased-finetuned-emotion,trained_on,tweet_eval/offensive
SetFit/distilbert-base-uncased__sst2__train-32-9,trained_on,tweet_eval/offensive
gchhablani/fnet-base-finetuned-sst2,trained_on,tweet_eval/offensive
pietrotrope/emotion_final,trained_on,tweet_eval/offensive
Capreolus/bert-base-msmarco,trained_on,tweet_eval/offensive
markt23917/finetuning-sentiment-model-3000-samples,trained_on,tweet_eval/offensive
moghis/distilbert-base-uncased-finetuned-emotion,trained_on,tweet_eval/offensive
aviator-neural/bert-base-uncased-sst2,trained_on,tweet_eval/offensive
usami/distilbert-base-uncased-finetuned-cola,trained_on,tweet_eval/offensive
aXhyra/demo_sentiment_31415,trained_on,tweet_eval/offensive
aXhyra/presentation_emotion_31415,trained_on,tweet_eval/offensive
aXhyra/emotion_trained_31415,trained_on,tweet_eval/offensive
Jeevesh8/512seq_len_6ep_bert_ft_cola-91,trained_on,tweet_eval/offensive
connectivity/cola_6ep_ft-10,trained_on,tweet_eval/offensive
Jeevesh8/6ep_bert_ft_cola-47,trained_on,tweet_eval/offensive
juliensimon/autonlp-imdb-demo-hf-16622767,trained_on,tweet_eval/offensive
Jeevesh8/bert_ft_cola-88,trained_on,tweet_eval/offensive
Alassea/glue_sst_classifier,trained_on,tweet_eval/offensive
vaariis/distilbert-base-uncased-finetuned-emotion,trained_on,tweet_eval/emotion
ali2066/finetuned_sentence_itr1_2e-05_all_26_02_2022-04_03_26,trained_on,tweet_eval/emotion
marcelcastrobr/sagemaker-distilbert-emotion,trained_on,tweet_eval/emotion
jasonyim2/distilbert-base-uncased-finetuned-emotion,trained_on,tweet_eval/emotion
riyadhctg/distilbert-base-uncased-finetuned-cola,trained_on,tweet_eval/emotion
PrasunMishra/finetuning-sentiment-model-3000-samples,trained_on,tweet_eval/emotion
nurkayevaa/autonlp-bert-covid-407910458,trained_on,tweet_eval/emotion
dapang/distilroberta-base-mic-sym,trained_on,tweet_eval/emotion
SetFit/distilbert-base-uncased__sst2__train-16-0,trained_on,tweet_eval/emotion
SetFit/distilbert-base-uncased__hate_speech_offensive__train-16-1,trained_on,tweet_eval/emotion
abdelkader/distilbert-base-uncased-finetuned-emotion,trained_on,tweet_eval/emotion
gchhablani/fnet-base-finetuned-sst2,trained_on,tweet_eval/emotion
Capreolus/bert-base-msmarco,trained_on,tweet_eval/emotion
Splend1dchan/bert-base-uncased-slue-goldtrascription-e3-lr1e-4,trained_on,tweet_eval/emotion
connectivity/cola_6ep_ft-33,trained_on,tweet_eval/emotion
Jeevesh8/init_bert_ft_qqp-49,trained_on,tweet_eval/emotion
yukta10/finetuning-sentiment-model-3000-samples,trained_on,tweet_eval/emotion
connectivity/cola_6ep_ft-22,trained_on,tweet_eval/emotion
moghis/distilbert-base-uncased-finetuned-emotion,trained_on,tweet_eval/emotion
uygarkurt/distilbert-base-uncased-finetuned-emotion,trained_on,tweet_eval/emotion
neibla/distilbert-base-uncased-finetuned-emotion,trained_on,tweet_eval/emotion
pietrotrope/emotion_final,trained_on,tweet_eval/emotion
aviator-neural/bert-base-uncased-sst2,trained_on,tweet_eval/emotion
SetFit/distilbert-base-uncased__sst2__train-32-9,trained_on,tweet_eval/emotion
usami/distilbert-base-uncased-finetuned-cola,trained_on,tweet_eval/emotion
Jeevesh8/512seq_len_6ep_bert_ft_cola-91,trained_on,tweet_eval/emotion
markt23917/finetuning-sentiment-model-3000-samples,trained_on,tweet_eval/emotion
Jeevesh8/6ep_bert_ft_cola-47,trained_on,tweet_eval/emotion
aXhyra/demo_sentiment_31415,trained_on,tweet_eval/emotion
connectivity/cola_6ep_ft-10,trained_on,tweet_eval/emotion
aXhyra/emotion_trained_31415,trained_on,tweet_eval/emotion
aXhyra/presentation_emotion_31415,trained_on,tweet_eval/emotion
juliensimon/autonlp-imdb-demo-hf-16622767,trained_on,tweet_eval/emotion
Alassea/glue_sst_classifier,trained_on,tweet_eval/emotion
Jeevesh8/bert_ft_cola-88,trained_on,tweet_eval/emotion
vaariis/distilbert-base-uncased-finetuned-emotion,trained_on,tweet_eval/irony
marcelcastrobr/sagemaker-distilbert-emotion,trained_on,tweet_eval/irony
jasonyim2/distilbert-base-uncased-finetuned-emotion,trained_on,tweet_eval/irony
dapang/distilroberta-base-mic-sym,trained_on,tweet_eval/irony
PrasunMishra/finetuning-sentiment-model-3000-samples,trained_on,tweet_eval/irony
nurkayevaa/autonlp-bert-covid-407910458,trained_on,tweet_eval/irony
SetFit/distilbert-base-uncased__sst2__train-16-0,trained_on,tweet_eval/irony
abdelkader/distilbert-base-uncased-finetuned-emotion,trained_on,tweet_eval/irony
SetFit/distilbert-base-uncased__hate_speech_offensive__train-16-1,trained_on,tweet_eval/irony
Capreolus/bert-base-msmarco,trained_on,tweet_eval/irony
Splend1dchan/bert-base-uncased-slue-goldtrascription-e3-lr1e-4,trained_on,tweet_eval/irony
connectivity/cola_6ep_ft-33,trained_on,tweet_eval/irony
Jeevesh8/init_bert_ft_qqp-49,trained_on,tweet_eval/irony
connectivity/cola_6ep_ft-22,trained_on,tweet_eval/irony
moghis/distilbert-base-uncased-finetuned-emotion,trained_on,tweet_eval/irony
uygarkurt/distilbert-base-uncased-finetuned-emotion,trained_on,tweet_eval/irony
neibla/distilbert-base-uncased-finetuned-emotion,trained_on,tweet_eval/irony
pietrotrope/emotion_final,trained_on,tweet_eval/irony
aviator-neural/bert-base-uncased-sst2,trained_on,tweet_eval/irony
SetFit/distilbert-base-uncased__sst2__train-32-9,trained_on,tweet_eval/irony
markt23917/finetuning-sentiment-model-3000-samples,trained_on,tweet_eval/irony
aXhyra/demo_sentiment_31415,trained_on,tweet_eval/irony
connectivity/cola_6ep_ft-10,trained_on,tweet_eval/irony
aXhyra/emotion_trained_31415,trained_on,tweet_eval/irony
aXhyra/presentation_emotion_31415,trained_on,tweet_eval/irony
juliensimon/autonlp-imdb-demo-hf-16622767,trained_on,tweet_eval/irony
Alassea/glue_sst_classifier,trained_on,tweet_eval/irony
Jeevesh8/bert_ft_cola-88,trained_on,tweet_eval/irony
ali2066/finetuned_sentence_itr1_2e-05_all_26_02_2022-04_03_26,trained_on,tweet_eval/hate
vaariis/distilbert-base-uncased-finetuned-emotion,trained_on,tweet_eval/hate
marcelcastrobr/sagemaker-distilbert-emotion,trained_on,tweet_eval/hate
jasonyim2/distilbert-base-uncased-finetuned-emotion,trained_on,tweet_eval/hate
PrasunMishra/finetuning-sentiment-model-3000-samples,trained_on,tweet_eval/hate
riyadhctg/distilbert-base-uncased-finetuned-cola,trained_on,tweet_eval/hate
dapang/distilroberta-base-mic-sym,trained_on,tweet_eval/hate
abdelkader/distilbert-base-uncased-finetuned-emotion,trained_on,tweet_eval/hate
SetFit/distilbert-base-uncased__sst2__train-16-0,trained_on,tweet_eval/hate
nurkayevaa/autonlp-bert-covid-407910458,trained_on,tweet_eval/hate
SetFit/distilbert-base-uncased__hate_speech_offensive__train-16-1,trained_on,tweet_eval/hate
gchhablani/fnet-base-finetuned-sst2,trained_on,tweet_eval/hate
Splend1dchan/bert-base-uncased-slue-goldtrascription-e3-lr1e-4,trained_on,tweet_eval/hate
connectivity/cola_6ep_ft-33,trained_on,tweet_eval/hate
Jeevesh8/init_bert_ft_qqp-49,trained_on,tweet_eval/hate
connectivity/cola_6ep_ft-22,trained_on,tweet_eval/hate
Capreolus/bert-base-msmarco,trained_on,tweet_eval/hate
yukta10/finetuning-sentiment-model-3000-samples,trained_on,tweet_eval/hate
moghis/distilbert-base-uncased-finetuned-emotion,trained_on,tweet_eval/hate
uygarkurt/distilbert-base-uncased-finetuned-emotion,trained_on,tweet_eval/hate
neibla/distilbert-base-uncased-finetuned-emotion,trained_on,tweet_eval/hate
pietrotrope/emotion_final,trained_on,tweet_eval/hate
SetFit/distilbert-base-uncased__sst2__train-32-9,trained_on,tweet_eval/hate
aviator-neural/bert-base-uncased-sst2,trained_on,tweet_eval/hate
usami/distilbert-base-uncased-finetuned-cola,trained_on,tweet_eval/hate
Jeevesh8/512seq_len_6ep_bert_ft_cola-91,trained_on,tweet_eval/hate
markt23917/finetuning-sentiment-model-3000-samples,trained_on,tweet_eval/hate
aXhyra/demo_sentiment_31415,trained_on,tweet_eval/hate
Jeevesh8/6ep_bert_ft_cola-47,trained_on,tweet_eval/hate
connectivity/cola_6ep_ft-10,trained_on,tweet_eval/hate
aXhyra/emotion_trained_31415,trained_on,tweet_eval/hate
aXhyra/presentation_emotion_31415,trained_on,tweet_eval/hate
juliensimon/autonlp-imdb-demo-hf-16622767,trained_on,tweet_eval/hate
Alassea/glue_sst_classifier,trained_on,tweet_eval/hate
Jeevesh8/bert_ft_cola-88,trained_on,tweet_eval/hate
ali2066/finetuned_sentence_itr1_2e-05_all_26_02_2022-04_03_26,trained_on,tweet_eval/offensive
vaariis/distilbert-base-uncased-finetuned-emotion,trained_on,tweet_eval/offensive
riyadhctg/distilbert-base-uncased-finetuned-cola,trained_on,tweet_eval/offensive
jasonyim2/distilbert-base-uncased-finetuned-emotion,trained_on,tweet_eval/offensive
PrasunMishra/finetuning-sentiment-model-3000-samples,trained_on,tweet_eval/offensive
marcelcastrobr/sagemaker-distilbert-emotion,trained_on,tweet_eval/offensive
dapang/distilroberta-base-mic-sym,trained_on,tweet_eval/offensive
nurkayevaa/autonlp-bert-covid-407910458,trained_on,tweet_eval/offensive
SetFit/distilbert-base-uncased__sst2__train-16-0,trained_on,tweet_eval/offensive
SetFit/distilbert-base-uncased__hate_speech_offensive__train-16-1,trained_on,tweet_eval/offensive
abdelkader/distilbert-base-uncased-finetuned-emotion,trained_on,tweet_eval/offensive
gchhablani/fnet-base-finetuned-sst2,trained_on,tweet_eval/offensive
yukta10/finetuning-sentiment-model-3000-samples,trained_on,tweet_eval/offensive
Capreolus/bert-base-msmarco,trained_on,tweet_eval/offensive
connectivity/cola_6ep_ft-33,trained_on,tweet_eval/offensive
connectivity/cola_6ep_ft-22,trained_on,tweet_eval/offensive
Splend1dchan/bert-base-uncased-slue-goldtrascription-e3-lr1e-4,trained_on,tweet_eval/offensive
Jeevesh8/init_bert_ft_qqp-49,trained_on,tweet_eval/offensive
moghis/distilbert-base-uncased-finetuned-emotion,trained_on,tweet_eval/offensive
uygarkurt/distilbert-base-uncased-finetuned-emotion,trained_on,tweet_eval/offensive
neibla/distilbert-base-uncased-finetuned-emotion,trained_on,tweet_eval/offensive
pietrotrope/emotion_final,trained_on,tweet_eval/offensive
SetFit/distilbert-base-uncased__sst2__train-32-9,trained_on,tweet_eval/offensive
usami/distilbert-base-uncased-finetuned-cola,trained_on,tweet_eval/offensive
aviator-neural/bert-base-uncased-sst2,trained_on,tweet_eval/offensive
Jeevesh8/512seq_len_6ep_bert_ft_cola-91,trained_on,tweet_eval/offensive
markt23917/finetuning-sentiment-model-3000-samples,trained_on,tweet_eval/offensive
aXhyra/demo_sentiment_31415,trained_on,tweet_eval/offensive
Jeevesh8/6ep_bert_ft_cola-47,trained_on,tweet_eval/offensive
connectivity/cola_6ep_ft-10,trained_on,tweet_eval/offensive
aXhyra/presentation_emotion_31415,trained_on,tweet_eval/offensive
aXhyra/emotion_trained_31415,trained_on,tweet_eval/offensive
juliensimon/autonlp-imdb-demo-hf-16622767,trained_on,tweet_eval/offensive
Alassea/glue_sst_classifier,trained_on,tweet_eval/offensive
Jeevesh8/bert_ft_cola-88,trained_on,tweet_eval/offensive
ali2066/finetuned_sentence_itr1_2e-05_all_26_02_2022-04_03_26,trained_on,tweet_eval/sentiment
vaariis/distilbert-base-uncased-finetuned-emotion,trained_on,tweet_eval/sentiment
marcelcastrobr/sagemaker-distilbert-emotion,trained_on,tweet_eval/sentiment
jasonyim2/distilbert-base-uncased-finetuned-emotion,trained_on,tweet_eval/sentiment
riyadhctg/distilbert-base-uncased-finetuned-cola,trained_on,tweet_eval/sentiment
nurkayevaa/autonlp-bert-covid-407910458,trained_on,tweet_eval/sentiment
PrasunMishra/finetuning-sentiment-model-3000-samples,trained_on,tweet_eval/sentiment
dapang/distilroberta-base-mic-sym,trained_on,tweet_eval/sentiment
abdelkader/distilbert-base-uncased-finetuned-emotion,trained_on,tweet_eval/sentiment
SetFit/distilbert-base-uncased__sst2__train-16-0,trained_on,tweet_eval/sentiment
SetFit/distilbert-base-uncased__hate_speech_offensive__train-16-1,trained_on,tweet_eval/sentiment
yukta10/finetuning-sentiment-model-3000-samples,trained_on,tweet_eval/sentiment
gchhablani/fnet-base-finetuned-sst2,trained_on,tweet_eval/sentiment
Capreolus/bert-base-msmarco,trained_on,tweet_eval/sentiment
Splend1dchan/bert-base-uncased-slue-goldtrascription-e3-lr1e-4,trained_on,tweet_eval/sentiment
connectivity/cola_6ep_ft-33,trained_on,tweet_eval/sentiment
connectivity/cola_6ep_ft-22,trained_on,tweet_eval/sentiment
Jeevesh8/init_bert_ft_qqp-49,trained_on,tweet_eval/sentiment
moghis/distilbert-base-uncased-finetuned-emotion,trained_on,tweet_eval/sentiment
uygarkurt/distilbert-base-uncased-finetuned-emotion,trained_on,tweet_eval/sentiment
neibla/distilbert-base-uncased-finetuned-emotion,trained_on,tweet_eval/sentiment
pietrotrope/emotion_final,trained_on,tweet_eval/sentiment
SetFit/distilbert-base-uncased__sst2__train-32-9,trained_on,tweet_eval/sentiment
usami/distilbert-base-uncased-finetuned-cola,trained_on,tweet_eval/sentiment
aviator-neural/bert-base-uncased-sst2,trained_on,tweet_eval/sentiment
Jeevesh8/512seq_len_6ep_bert_ft_cola-91,trained_on,tweet_eval/sentiment
markt23917/finetuning-sentiment-model-3000-samples,trained_on,tweet_eval/sentiment
aXhyra/demo_sentiment_31415,trained_on,tweet_eval/sentiment
Jeevesh8/6ep_bert_ft_cola-47,trained_on,tweet_eval/sentiment
connectivity/cola_6ep_ft-10,trained_on,tweet_eval/sentiment
aXhyra/emotion_trained_31415,trained_on,tweet_eval/sentiment
aXhyra/presentation_emotion_31415,trained_on,tweet_eval/sentiment
juliensimon/autonlp-imdb-demo-hf-16622767,trained_on,tweet_eval/sentiment
Alassea/glue_sst_classifier,trained_on,tweet_eval/sentiment
Jeevesh8/bert_ft_cola-88,trained_on,tweet_eval/sentiment
ali2066/finetuned_sentence_itr1_2e-05_all_26_02_2022-04_03_26,trained_on,ag_news
vaariis/distilbert-base-uncased-finetuned-emotion,trained_on,ag_news
marcelcastrobr/sagemaker-distilbert-emotion,trained_on,ag_news
jasonyim2/distilbert-base-uncased-finetuned-emotion,trained_on,ag_news
riyadhctg/distilbert-base-uncased-finetuned-cola,trained_on,ag_news
dapang/distilroberta-base-mic-sym,trained_on,ag_news
nurkayevaa/autonlp-bert-covid-407910458,trained_on,ag_news
SetFit/distilbert-base-uncased__sst2__train-16-0,trained_on,ag_news
abdelkader/distilbert-base-uncased-finetuned-emotion,trained_on,ag_news
PrasunMishra/finetuning-sentiment-model-3000-samples,trained_on,ag_news
SetFit/distilbert-base-uncased__hate_speech_offensive__train-16-1,trained_on,ag_news
gchhablani/fnet-base-finetuned-sst2,trained_on,ag_news
Capreolus/bert-base-msmarco,trained_on,ag_news
Splend1dchan/bert-base-uncased-slue-goldtrascription-e3-lr1e-4,trained_on,ag_news
yukta10/finetuning-sentiment-model-3000-samples,trained_on,ag_news
moghis/distilbert-base-uncased-finetuned-emotion,trained_on,ag_news
uygarkurt/distilbert-base-uncased-finetuned-emotion,trained_on,ag_news
neibla/distilbert-base-uncased-finetuned-emotion,trained_on,ag_news
pietrotrope/emotion_final,trained_on,ag_news
SetFit/distilbert-base-uncased__sst2__train-32-9,trained_on,ag_news
usami/distilbert-base-uncased-finetuned-cola,trained_on,ag_news
aviator-neural/bert-base-uncased-sst2,trained_on,ag_news
Jeevesh8/512seq_len_6ep_bert_ft_cola-91,trained_on,ag_news
markt23917/finetuning-sentiment-model-3000-samples,trained_on,ag_news
aXhyra/demo_sentiment_31415,trained_on,ag_news
aXhyra/emotion_trained_31415,trained_on,ag_news
aXhyra/presentation_emotion_31415,trained_on,ag_news
juliensimon/autonlp-imdb-demo-hf-16622767,trained_on,ag_news
Alassea/glue_sst_classifier,trained_on,ag_news
connectivity/cola_6ep_ft-22,trained_on,ag_news
connectivity/cola_6ep_ft-33,trained_on,ag_news
Jeevesh8/init_bert_ft_qqp-49,trained_on,ag_news
connectivity/cola_6ep_ft-10,trained_on,ag_news
Jeevesh8/6ep_bert_ft_cola-47,trained_on,ag_news
Jeevesh8/bert_ft_cola-88,trained_on,ag_news
vaariis/distilbert-base-uncased-finetuned-emotion,trained_on,rotten_tomatoes
ali2066/finetuned_sentence_itr1_2e-05_all_26_02_2022-04_03_26,transfer_to,glue/sst2
SetFit/distilbert-base-uncased__sst2__train-16-0,transfer_to,glue/sst2
gchhablani/fnet-base-finetuned-sst2,transfer_to,glue/sst2
aviator-neural/bert-base-uncased-sst2,transfer_to,glue/sst2
aviator-neural/bert-base-uncased-sst2,transfer_to,glue/sst2
SetFit/distilbert-base-uncased__sst2__train-32-9,transfer_to,glue/sst2
Alassea/glue_sst_classifier,transfer_to,glue/sst2
riyadhctg/distilbert-base-uncased-finetuned-cola,transfer_to,glue/cola
riyadhctg/distilbert-base-uncased-finetuned-cola,transfer_to,glue/cola
connectivity/cola_6ep_ft-33,transfer_to,glue/cola
connectivity/cola_6ep_ft-33,transfer_to,glue/cola
connectivity/cola_6ep_ft-22,transfer_to,glue/cola
connectivity/cola_6ep_ft-22,transfer_to,glue/cola
usami/distilbert-base-uncased-finetuned-cola,transfer_to,glue/cola
usami/distilbert-base-uncased-finetuned-cola,transfer_to,glue/cola
Jeevesh8/512seq_len_6ep_bert_ft_cola-91,transfer_to,glue/cola
Jeevesh8/512seq_len_6ep_bert_ft_cola-91,transfer_to,glue/cola
Jeevesh8/6ep_bert_ft_cola-47,transfer_to,glue/cola
Jeevesh8/6ep_bert_ft_cola-47,transfer_to,glue/cola
connectivity/cola_6ep_ft-10,transfer_to,glue/cola
connectivity/cola_6ep_ft-10,transfer_to,glue/cola
Jeevesh8/bert_ft_cola-88,transfer_to,glue/cola
Jeevesh8/bert_ft_cola-88,transfer_to,glue/cola
ali2066/finetuned_sentence_itr1_2e-05_all_26_02_2022-04_03_26,transfer_to,glue/cola
vaariis/distilbert-base-uncased-finetuned-emotion,transfer_to,glue/cola
marcelcastrobr/sagemaker-distilbert-emotion,transfer_to,glue/cola
jasonyim2/distilbert-base-uncased-finetuned-emotion,transfer_to,glue/cola
dapang/distilroberta-base-mic-sym,transfer_to,glue/cola
riyadhctg/distilbert-base-uncased-finetuned-cola,transfer_to,glue/cola
riyadhctg/distilbert-base-uncased-finetuned-cola,transfer_to,glue/cola
PrasunMishra/finetuning-sentiment-model-3000-samples,transfer_to,glue/cola
nurkayevaa/autonlp-bert-covid-407910458,transfer_to,glue/cola
SetFit/distilbert-base-uncased__sst2__train-16-0,transfer_to,glue/cola
abdelkader/distilbert-base-uncased-finetuned-emotion,transfer_to,glue/cola
SetFit/distilbert-base-uncased__hate_speech_offensive__train-16-1,transfer_to,glue/cola
Capreolus/bert-base-msmarco,transfer_to,glue/cola
Splend1dchan/bert-base-uncased-slue-goldtrascription-e3-lr1e-4,transfer_to,glue/cola
connectivity/cola_6ep_ft-33,transfer_to,glue/cola
connectivity/cola_6ep_ft-33,transfer_to,glue/cola
Jeevesh8/init_bert_ft_qqp-49,transfer_to,glue/cola
yukta10/finetuning-sentiment-model-3000-samples,transfer_to,glue/cola
connectivity/cola_6ep_ft-22,transfer_to,glue/cola
connectivity/cola_6ep_ft-22,transfer_to,glue/cola
moghis/distilbert-base-uncased-finetuned-emotion,transfer_to,glue/cola
uygarkurt/distilbert-base-uncased-finetuned-emotion,transfer_to,glue/cola
neibla/distilbert-base-uncased-finetuned-emotion,transfer_to,glue/cola
pietrotrope/emotion_final,transfer_to,glue/cola
SetFit/distilbert-base-uncased__sst2__train-32-9,transfer_to,glue/cola
usami/distilbert-base-uncased-finetuned-cola,transfer_to,glue/cola
usami/distilbert-base-uncased-finetuned-cola,transfer_to,glue/cola
markt23917/finetuning-sentiment-model-3000-samples,transfer_to,glue/cola
aviator-neural/bert-base-uncased-sst2,transfer_to,glue/cola
Jeevesh8/512seq_len_6ep_bert_ft_cola-91,transfer_to,glue/cola
Jeevesh8/512seq_len_6ep_bert_ft_cola-91,transfer_to,glue/cola
aXhyra/demo_sentiment_31415,transfer_to,glue/cola
connectivity/cola_6ep_ft-10,transfer_to,glue/cola
connectivity/cola_6ep_ft-10,transfer_to,glue/cola
aXhyra/emotion_trained_31415,transfer_to,glue/cola
aXhyra/presentation_emotion_31415,transfer_to,glue/cola
Jeevesh8/6ep_bert_ft_cola-47,transfer_to,glue/cola
Jeevesh8/6ep_bert_ft_cola-47,transfer_to,glue/cola
juliensimon/autonlp-imdb-demo-hf-16622767,transfer_to,glue/cola
Alassea/glue_sst_classifier,transfer_to,glue/cola
Jeevesh8/bert_ft_cola-88,transfer_to,glue/cola
Jeevesh8/bert_ft_cola-88,transfer_to,glue/cola
pietrotrope/emotion_final,transfer_to,tweet_eval/emotion
aXhyra/emotion_trained_31415,transfer_to,tweet_eval/emotion
aXhyra/presentation_emotion_31415,transfer_to,tweet_eval/emotion
vaariis/distilbert-base-uncased-finetuned-emotion,transfer_to,tweet_eval/emotion
ali2066/finetuned_sentence_itr1_2e-05_all_26_02_2022-04_03_26,transfer_to,tweet_eval/emotion
marcelcastrobr/sagemaker-distilbert-emotion,transfer_to,tweet_eval/emotion
jasonyim2/distilbert-base-uncased-finetuned-emotion,transfer_to,tweet_eval/emotion
riyadhctg/distilbert-base-uncased-finetuned-cola,transfer_to,tweet_eval/emotion
PrasunMishra/finetuning-sentiment-model-3000-samples,transfer_to,tweet_eval/emotion
nurkayevaa/autonlp-bert-covid-407910458,transfer_to,tweet_eval/emotion
dapang/distilroberta-base-mic-sym,transfer_to,tweet_eval/emotion
SetFit/distilbert-base-uncased__sst2__train-16-0,transfer_to,tweet_eval/emotion
SetFit/distilbert-base-uncased__hate_speech_offensive__train-16-1,transfer_to,tweet_eval/emotion
abdelkader/distilbert-base-uncased-finetuned-emotion,transfer_to,tweet_eval/emotion
gchhablani/fnet-base-finetuned-sst2,transfer_to,tweet_eval/emotion
Capreolus/bert-base-msmarco,transfer_to,tweet_eval/emotion
Splend1dchan/bert-base-uncased-slue-goldtrascription-e3-lr1e-4,transfer_to,tweet_eval/emotion
connectivity/cola_6ep_ft-33,transfer_to,tweet_eval/emotion
Jeevesh8/init_bert_ft_qqp-49,transfer_to,tweet_eval/emotion
yukta10/finetuning-sentiment-model-3000-samples,transfer_to,tweet_eval/emotion
connectivity/cola_6ep_ft-22,transfer_to,tweet_eval/emotion
moghis/distilbert-base-uncased-finetuned-emotion,transfer_to,tweet_eval/emotion
uygarkurt/distilbert-base-uncased-finetuned-emotion,transfer_to,tweet_eval/emotion
neibla/distilbert-base-uncased-finetuned-emotion,transfer_to,tweet_eval/emotion
pietrotrope/emotion_final,transfer_to,tweet_eval/emotion
aviator-neural/bert-base-uncased-sst2,transfer_to,tweet_eval/emotion
SetFit/distilbert-base-uncased__sst2__train-32-9,transfer_to,tweet_eval/emotion
usami/distilbert-base-uncased-finetuned-cola,transfer_to,tweet_eval/emotion
Jeevesh8/512seq_len_6ep_bert_ft_cola-91,transfer_to,tweet_eval/emotion
markt23917/finetuning-sentiment-model-3000-samples,transfer_to,tweet_eval/emotion
Jeevesh8/6ep_bert_ft_cola-47,transfer_to,tweet_eval/emotion
aXhyra/demo_sentiment_31415,transfer_to,tweet_eval/emotion
connectivity/cola_6ep_ft-10,transfer_to,tweet_eval/emotion
aXhyra/emotion_trained_31415,transfer_to,tweet_eval/emotion
aXhyra/presentation_emotion_31415,transfer_to,tweet_eval/emotion
juliensimon/autonlp-imdb-demo-hf-16622767,transfer_to,tweet_eval/emotion
Alassea/glue_sst_classifier,transfer_to,tweet_eval/emotion
Jeevesh8/bert_ft_cola-88,transfer_to,tweet_eval/emotion
aXhyra/demo_sentiment_31415,transfer_to,tweet_eval/sentiment
nurkayevaa/autonlp-bert-covid-407910458,transfer_to,tweet_eval/sentiment
SetFit/distilbert-base-uncased__sst2__train-16-0,transfer_to,tweet_eval/sentiment
PrasunMishra/finetuning-sentiment-model-3000-samples,transfer_to,tweet_eval/sentiment
SetFit/distilbert-base-uncased__hate_speech_offensive__train-16-1,transfer_to,tweet_eval/sentiment
abdelkader/distilbert-base-uncased-finetuned-emotion,transfer_to,tweet_eval/sentiment
yukta10/finetuning-sentiment-model-3000-samples,transfer_to,tweet_eval/sentiment
Jeevesh8/init_bert_ft_qqp-49,transfer_to,tweet_eval/sentiment
Capreolus/bert-base-msmarco,transfer_to,tweet_eval/sentiment
connectivity/cola_6ep_ft-22,transfer_to,tweet_eval/sentiment
Splend1dchan/bert-base-uncased-slue-goldtrascription-e3-lr1e-4,transfer_to,tweet_eval/sentiment
gchhablani/fnet-base-finetuned-sst2,transfer_to,tweet_eval/sentiment
connectivity/cola_6ep_ft-33,transfer_to,tweet_eval/sentiment
dapang/distilroberta-base-mic-sym,transfer_to,tweet_eval/sentiment
ali2066/finetuned_sentence_itr1_2e-05_all_26_02_2022-04_03_26,transfer_to,tweet_eval/sentiment
vaariis/distilbert-base-uncased-finetuned-emotion,transfer_to,tweet_eval/sentiment
marcelcastrobr/sagemaker-distilbert-emotion,transfer_to,tweet_eval/sentiment
jasonyim2/distilbert-base-uncased-finetuned-emotion,transfer_to,tweet_eval/sentiment
riyadhctg/distilbert-base-uncased-finetuned-cola,transfer_to,tweet_eval/sentiment
nurkayevaa/autonlp-bert-covid-407910458,transfer_to,tweet_eval/sentiment
PrasunMishra/finetuning-sentiment-model-3000-samples,transfer_to,tweet_eval/sentiment
dapang/distilroberta-base-mic-sym,transfer_to,tweet_eval/sentiment
abdelkader/distilbert-base-uncased-finetuned-emotion,transfer_to,tweet_eval/sentiment
SetFit/distilbert-base-uncased__sst2__train-16-0,transfer_to,tweet_eval/sentiment
SetFit/distilbert-base-uncased__hate_speech_offensive__train-16-1,transfer_to,tweet_eval/sentiment
yukta10/finetuning-sentiment-model-3000-samples,transfer_to,tweet_eval/sentiment
gchhablani/fnet-base-finetuned-sst2,transfer_to,tweet_eval/sentiment
Capreolus/bert-base-msmarco,transfer_to,tweet_eval/sentiment
Splend1dchan/bert-base-uncased-slue-goldtrascription-e3-lr1e-4,transfer_to,tweet_eval/sentiment
connectivity/cola_6ep_ft-33,transfer_to,tweet_eval/sentiment
connectivity/cola_6ep_ft-22,transfer_to,tweet_eval/sentiment
Jeevesh8/init_bert_ft_qqp-49,transfer_to,tweet_eval/sentiment
moghis/distilbert-base-uncased-finetuned-emotion,transfer_to,tweet_eval/sentiment
uygarkurt/distilbert-base-uncased-finetuned-emotion,transfer_to,tweet_eval/sentiment
neibla/distilbert-base-uncased-finetuned-emotion,transfer_to,tweet_eval/sentiment
pietrotrope/emotion_final,transfer_to,tweet_eval/sentiment
SetFit/distilbert-base-uncased__sst2__train-32-9,transfer_to,tweet_eval/sentiment
usami/distilbert-base-uncased-finetuned-cola,transfer_to,tweet_eval/sentiment
aviator-neural/bert-base-uncased-sst2,transfer_to,tweet_eval/sentiment
Jeevesh8/512seq_len_6ep_bert_ft_cola-91,transfer_to,tweet_eval/sentiment
markt23917/finetuning-sentiment-model-3000-samples,transfer_to,tweet_eval/sentiment
aXhyra/demo_sentiment_31415,transfer_to,tweet_eval/sentiment
Jeevesh8/6ep_bert_ft_cola-47,transfer_to,tweet_eval/sentiment
connectivity/cola_6ep_ft-10,transfer_to,tweet_eval/sentiment
aXhyra/emotion_trained_31415,transfer_to,tweet_eval/sentiment
aXhyra/presentation_emotion_31415,transfer_to,tweet_eval/sentiment
juliensimon/autonlp-imdb-demo-hf-16622767,transfer_to,tweet_eval/sentiment
Alassea/glue_sst_classifier,transfer_to,tweet_eval/sentiment
Jeevesh8/bert_ft_cola-88,transfer_to,tweet_eval/sentiment
vaariis/distilbert-base-uncased-finetuned-emotion,transfer_to,tweet_eval/offensive
marcelcastrobr/sagemaker-distilbert-emotion,transfer_to,tweet_eval/offensive
ali2066/finetuned_sentence_itr1_2e-05_all_26_02_2022-04_03_26,transfer_to,tweet_eval/offensive
nurkayevaa/autonlp-bert-covid-407910458,transfer_to,tweet_eval/offensive
abdelkader/distilbert-base-uncased-finetuned-emotion,transfer_to,tweet_eval/offensive
SetFit/distilbert-base-uncased__hate_speech_offensive__train-16-1,transfer_to,tweet_eval/offensive
yukta10/finetuning-sentiment-model-3000-samples,transfer_to,tweet_eval/offensive
PrasunMishra/finetuning-sentiment-model-3000-samples,transfer_to,tweet_eval/offensive
riyadhctg/distilbert-base-uncased-finetuned-cola,transfer_to,tweet_eval/offensive
dapang/distilroberta-base-mic-sym,transfer_to,tweet_eval/offensive
jasonyim2/distilbert-base-uncased-finetuned-emotion,transfer_to,tweet_eval/offensive
uygarkurt/distilbert-base-uncased-finetuned-emotion,transfer_to,tweet_eval/offensive
Jeevesh8/init_bert_ft_qqp-49,transfer_to,tweet_eval/offensive
Splend1dchan/bert-base-uncased-slue-goldtrascription-e3-lr1e-4,transfer_to,tweet_eval/offensive
connectivity/cola_6ep_ft-33,transfer_to,tweet_eval/offensive
neibla/distilbert-base-uncased-finetuned-emotion,transfer_to,tweet_eval/offensive
SetFit/distilbert-base-uncased__sst2__train-32-9,transfer_to,tweet_eval/offensive
gchhablani/fnet-base-finetuned-sst2,transfer_to,tweet_eval/offensive
pietrotrope/emotion_final,transfer_to,tweet_eval/offensive
Capreolus/bert-base-msmarco,transfer_to,tweet_eval/offensive
markt23917/finetuning-sentiment-model-3000-samples,transfer_to,tweet_eval/offensive
moghis/distilbert-base-uncased-finetuned-emotion,transfer_to,tweet_eval/offensive
aviator-neural/bert-base-uncased-sst2,transfer_to,tweet_eval/offensive
usami/distilbert-base-uncased-finetuned-cola,transfer_to,tweet_eval/offensive
aXhyra/demo_sentiment_31415,transfer_to,tweet_eval/offensive
aXhyra/presentation_emotion_31415,transfer_to,tweet_eval/offensive
aXhyra/emotion_trained_31415,transfer_to,tweet_eval/offensive
Jeevesh8/512seq_len_6ep_bert_ft_cola-91,transfer_to,tweet_eval/offensive
connectivity/cola_6ep_ft-10,transfer_to,tweet_eval/offensive
Jeevesh8/6ep_bert_ft_cola-47,transfer_to,tweet_eval/offensive
juliensimon/autonlp-imdb-demo-hf-16622767,transfer_to,tweet_eval/offensive
Jeevesh8/bert_ft_cola-88,transfer_to,tweet_eval/offensive
Alassea/glue_sst_classifier,transfer_to,tweet_eval/offensive
ali2066/finetuned_sentence_itr1_2e-05_all_26_02_2022-04_03_26,transfer_to,tweet_eval/offensive
vaariis/distilbert-base-uncased-finetuned-emotion,transfer_to,tweet_eval/offensive
riyadhctg/distilbert-base-uncased-finetuned-cola,transfer_to,tweet_eval/offensive
jasonyim2/distilbert-base-uncased-finetuned-emotion,transfer_to,tweet_eval/offensive
PrasunMishra/finetuning-sentiment-model-3000-samples,transfer_to,tweet_eval/offensive
marcelcastrobr/sagemaker-distilbert-emotion,transfer_to,tweet_eval/offensive
dapang/distilroberta-base-mic-sym,transfer_to,tweet_eval/offensive
nurkayevaa/autonlp-bert-covid-407910458,transfer_to,tweet_eval/offensive
SetFit/distilbert-base-uncased__sst2__train-16-0,transfer_to,tweet_eval/offensive
SetFit/distilbert-base-uncased__hate_speech_offensive__train-16-1,transfer_to,tweet_eval/offensive
abdelkader/distilbert-base-uncased-finetuned-emotion,transfer_to,tweet_eval/offensive
gchhablani/fnet-base-finetuned-sst2,transfer_to,tweet_eval/offensive
yukta10/finetuning-sentiment-model-3000-samples,transfer_to,tweet_eval/offensive
Capreolus/bert-base-msmarco,transfer_to,tweet_eval/offensive
connectivity/cola_6ep_ft-33,transfer_to,tweet_eval/offensive
connectivity/cola_6ep_ft-22,transfer_to,tweet_eval/offensive
Splend1dchan/bert-base-uncased-slue-goldtrascription-e3-lr1e-4,transfer_to,tweet_eval/offensive
Jeevesh8/init_bert_ft_qqp-49,transfer_to,tweet_eval/offensive
moghis/distilbert-base-uncased-finetuned-emotion,transfer_to,tweet_eval/offensive
uygarkurt/distilbert-base-uncased-finetuned-emotion,transfer_to,tweet_eval/offensive
neibla/distilbert-base-uncased-finetuned-emotion,transfer_to,tweet_eval/offensive
pietrotrope/emotion_final,transfer_to,tweet_eval/offensive
SetFit/distilbert-base-uncased__sst2__train-32-9,transfer_to,tweet_eval/offensive
usami/distilbert-base-uncased-finetuned-cola,transfer_to,tweet_eval/offensive
aviator-neural/bert-base-uncased-sst2,transfer_to,tweet_eval/offensive
Jeevesh8/512seq_len_6ep_bert_ft_cola-91,transfer_to,tweet_eval/offensive
markt23917/finetuning-sentiment-model-3000-samples,transfer_to,tweet_eval/offensive
aXhyra/demo_sentiment_31415,transfer_to,tweet_eval/offensive
Jeevesh8/6ep_bert_ft_cola-47,transfer_to,tweet_eval/offensive
connectivity/cola_6ep_ft-10,transfer_to,tweet_eval/offensive
aXhyra/presentation_emotion_31415,transfer_to,tweet_eval/offensive
aXhyra/emotion_trained_31415,transfer_to,tweet_eval/offensive
juliensimon/autonlp-imdb-demo-hf-16622767,transfer_to,tweet_eval/offensive
Alassea/glue_sst_classifier,transfer_to,tweet_eval/offensive
Jeevesh8/bert_ft_cola-88,transfer_to,tweet_eval/offensive
ali2066/finetuned_sentence_itr1_2e-05_all_26_02_2022-04_03_26,transfer_to,tweet_eval/irony
vaariis/distilbert-base-uncased-finetuned-emotion,transfer_to,tweet_eval/irony
marcelcastrobr/sagemaker-distilbert-emotion,transfer_to,tweet_eval/irony
jasonyim2/distilbert-base-uncased-finetuned-emotion,transfer_to,tweet_eval/irony
riyadhctg/distilbert-base-uncased-finetuned-cola,transfer_to,tweet_eval/irony
dapang/distilroberta-base-mic-sym,transfer_to,tweet_eval/irony
PrasunMishra/finetuning-sentiment-model-3000-samples,transfer_to,tweet_eval/irony
nurkayevaa/autonlp-bert-covid-407910458,transfer_to,tweet_eval/irony
SetFit/distilbert-base-uncased__sst2__train-16-0,transfer_to,tweet_eval/irony
abdelkader/distilbert-base-uncased-finetuned-emotion,transfer_to,tweet_eval/irony
SetFit/distilbert-base-uncased__hate_speech_offensive__train-16-1,transfer_to,tweet_eval/irony
gchhablani/fnet-base-finetuned-sst2,transfer_to,tweet_eval/irony
Capreolus/bert-base-msmarco,transfer_to,tweet_eval/irony
Splend1dchan/bert-base-uncased-slue-goldtrascription-e3-lr1e-4,transfer_to,tweet_eval/irony
connectivity/cola_6ep_ft-33,transfer_to,tweet_eval/irony
Jeevesh8/init_bert_ft_qqp-49,transfer_to,tweet_eval/irony
yukta10/finetuning-sentiment-model-3000-samples,transfer_to,tweet_eval/irony
connectivity/cola_6ep_ft-22,transfer_to,tweet_eval/irony
moghis/distilbert-base-uncased-finetuned-emotion,transfer_to,tweet_eval/irony
uygarkurt/distilbert-base-uncased-finetuned-emotion,transfer_to,tweet_eval/irony
neibla/distilbert-base-uncased-finetuned-emotion,transfer_to,tweet_eval/irony
pietrotrope/emotion_final,transfer_to,tweet_eval/irony
aviator-neural/bert-base-uncased-sst2,transfer_to,tweet_eval/irony
SetFit/distilbert-base-uncased__sst2__train-32-9,transfer_to,tweet_eval/irony
usami/distilbert-base-uncased-finetuned-cola,transfer_to,tweet_eval/irony
Jeevesh8/512seq_len_6ep_bert_ft_cola-91,transfer_to,tweet_eval/irony
markt23917/finetuning-sentiment-model-3000-samples,transfer_to,tweet_eval/irony
Jeevesh8/6ep_bert_ft_cola-47,transfer_to,tweet_eval/irony
aXhyra/demo_sentiment_31415,transfer_to,tweet_eval/irony
connectivity/cola_6ep_ft-10,transfer_to,tweet_eval/irony
aXhyra/emotion_trained_31415,transfer_to,tweet_eval/irony
aXhyra/presentation_emotion_31415,transfer_to,tweet_eval/irony
Alassea/glue_sst_classifier,transfer_to,tweet_eval/irony
juliensimon/autonlp-imdb-demo-hf-16622767,transfer_to,tweet_eval/irony
Jeevesh8/bert_ft_cola-88,transfer_to,tweet_eval/irony
ali2066/finetuned_sentence_itr1_2e-05_all_26_02_2022-04_03_26,transfer_to,tweet_eval/irony
vaariis/distilbert-base-uncased-finetuned-emotion,transfer_to,tweet_eval/irony
marcelcastrobr/sagemaker-distilbert-emotion,transfer_to,tweet_eval/irony
jasonyim2/distilbert-base-uncased-finetuned-emotion,transfer_to,tweet_eval/irony
riyadhctg/distilbert-base-uncased-finetuned-cola,transfer_to,tweet_eval/irony
dapang/distilroberta-base-mic-sym,transfer_to,tweet_eval/irony
PrasunMishra/finetuning-sentiment-model-3000-samples,transfer_to,tweet_eval/irony
nurkayevaa/autonlp-bert-covid-407910458,transfer_to,tweet_eval/irony
SetFit/distilbert-base-uncased__sst2__train-16-0,transfer_to,tweet_eval/irony
abdelkader/distilbert-base-uncased-finetuned-emotion,transfer_to,tweet_eval/irony
SetFit/distilbert-base-uncased__hate_speech_offensive__train-16-1,transfer_to,tweet_eval/irony
gchhablani/fnet-base-finetuned-sst2,transfer_to,tweet_eval/irony
Capreolus/bert-base-msmarco,transfer_to,tweet_eval/irony
Splend1dchan/bert-base-uncased-slue-goldtrascription-e3-lr1e-4,transfer_to,tweet_eval/irony
connectivity/cola_6ep_ft-33,transfer_to,tweet_eval/irony
Jeevesh8/init_bert_ft_qqp-49,transfer_to,tweet_eval/irony
connectivity/cola_6ep_ft-22,transfer_to,tweet_eval/irony
yukta10/finetuning-sentiment-model-3000-samples,transfer_to,tweet_eval/irony
moghis/distilbert-base-uncased-finetuned-emotion,transfer_to,tweet_eval/irony
uygarkurt/distilbert-base-uncased-finetuned-emotion,transfer_to,tweet_eval/irony
neibla/distilbert-base-uncased-finetuned-emotion,transfer_to,tweet_eval/irony
pietrotrope/emotion_final,transfer_to,tweet_eval/irony
aviator-neural/bert-base-uncased-sst2,transfer_to,tweet_eval/irony
SetFit/distilbert-base-uncased__sst2__train-32-9,transfer_to,tweet_eval/irony
usami/distilbert-base-uncased-finetuned-cola,transfer_to,tweet_eval/irony
Jeevesh8/512seq_len_6ep_bert_ft_cola-91,transfer_to,tweet_eval/irony
markt23917/finetuning-sentiment-model-3000-samples,transfer_to,tweet_eval/irony
Jeevesh8/6ep_bert_ft_cola-47,transfer_to,tweet_eval/irony
aXhyra/demo_sentiment_31415,transfer_to,tweet_eval/irony
connectivity/cola_6ep_ft-10,transfer_to,tweet_eval/irony
aXhyra/emotion_trained_31415,transfer_to,tweet_eval/irony
aXhyra/presentation_emotion_31415,transfer_to,tweet_eval/irony
juliensimon/autonlp-imdb-demo-hf-16622767,transfer_to,tweet_eval/irony
Alassea/glue_sst_classifier,transfer_to,tweet_eval/irony
Jeevesh8/bert_ft_cola-88,transfer_to,tweet_eval/irony
vaariis/distilbert-base-uncased-finetuned-emotion,transfer_to,tweet_eval/hate
riyadhctg/distilbert-base-uncased-finetuned-cola,transfer_to,tweet_eval/hate
PrasunMishra/finetuning-sentiment-model-3000-samples,transfer_to,tweet_eval/hate
dapang/distilroberta-base-mic-sym,transfer_to,tweet_eval/hate
jasonyim2/distilbert-base-uncased-finetuned-emotion,transfer_to,tweet_eval/hate
nurkayevaa/autonlp-bert-covid-407910458,transfer_to,tweet_eval/hate
ali2066/finetuned_sentence_itr1_2e-05_all_26_02_2022-04_03_26,transfer_to,tweet_eval/hate
SetFit/distilbert-base-uncased__hate_speech_offensive__train-16-1,transfer_to,tweet_eval/hate
abdelkader/distilbert-base-uncased-finetuned-emotion,transfer_to,tweet_eval/hate
gchhablani/fnet-base-finetuned-sst2,transfer_to,tweet_eval/hate
Capreolus/bert-base-msmarco,transfer_to,tweet_eval/hate
Splend1dchan/bert-base-uncased-slue-goldtrascription-e3-lr1e-4,transfer_to,tweet_eval/hate
yukta10/finetuning-sentiment-model-3000-samples,transfer_to,tweet_eval/hate
marcelcastrobr/sagemaker-distilbert-emotion,transfer_to,tweet_eval/hate
SetFit/distilbert-base-uncased__sst2__train-16-0,transfer_to,tweet_eval/hate
moghis/distilbert-base-uncased-finetuned-emotion,transfer_to,tweet_eval/hate
connectivity/cola_6ep_ft-33,transfer_to,tweet_eval/hate
Jeevesh8/init_bert_ft_qqp-49,transfer_to,tweet_eval/hate
uygarkurt/distilbert-base-uncased-finetuned-emotion,transfer_to,tweet_eval/hate
SetFit/distilbert-base-uncased__sst2__train-32-9,transfer_to,tweet_eval/hate
connectivity/cola_6ep_ft-22,transfer_to,tweet_eval/hate
pietrotrope/emotion_final,transfer_to,tweet_eval/hate
neibla/distilbert-base-uncased-finetuned-emotion,transfer_to,tweet_eval/hate
aviator-neural/bert-base-uncased-sst2,transfer_to,tweet_eval/hate
aXhyra/demo_sentiment_31415,transfer_to,tweet_eval/hate
usami/distilbert-base-uncased-finetuned-cola,transfer_to,tweet_eval/hate
Jeevesh8/512seq_len_6ep_bert_ft_cola-91,transfer_to,tweet_eval/hate
aXhyra/emotion_trained_31415,transfer_to,tweet_eval/hate
markt23917/finetuning-sentiment-model-3000-samples,transfer_to,tweet_eval/hate
Jeevesh8/6ep_bert_ft_cola-47,transfer_to,tweet_eval/hate
connectivity/cola_6ep_ft-10,transfer_to,tweet_eval/hate
Alassea/glue_sst_classifier,transfer_to,tweet_eval/hate
aXhyra/presentation_emotion_31415,transfer_to,tweet_eval/hate
juliensimon/autonlp-imdb-demo-hf-16622767,transfer_to,tweet_eval/hate
ali2066/finetuned_sentence_itr1_2e-05_all_26_02_2022-04_03_26,transfer_to,tweet_eval/hate
vaariis/distilbert-base-uncased-finetuned-emotion,transfer_to,tweet_eval/hate
marcelcastrobr/sagemaker-distilbert-emotion,transfer_to,tweet_eval/hate
jasonyim2/distilbert-base-uncased-finetuned-emotion,transfer_to,tweet_eval/hate
PrasunMishra/finetuning-sentiment-model-3000-samples,transfer_to,tweet_eval/hate
riyadhctg/distilbert-base-uncased-finetuned-cola,transfer_to,tweet_eval/hate
dapang/distilroberta-base-mic-sym,transfer_to,tweet_eval/hate
abdelkader/distilbert-base-uncased-finetuned-emotion,transfer_to,tweet_eval/hate
SetFit/distilbert-base-uncased__sst2__train-16-0,transfer_to,tweet_eval/hate
nurkayevaa/autonlp-bert-covid-407910458,transfer_to,tweet_eval/hate
SetFit/distilbert-base-uncased__hate_speech_offensive__train-16-1,transfer_to,tweet_eval/hate
gchhablani/fnet-base-finetuned-sst2,transfer_to,tweet_eval/hate
Splend1dchan/bert-base-uncased-slue-goldtrascription-e3-lr1e-4,transfer_to,tweet_eval/hate
connectivity/cola_6ep_ft-33,transfer_to,tweet_eval/hate
Jeevesh8/init_bert_ft_qqp-49,transfer_to,tweet_eval/hate
connectivity/cola_6ep_ft-22,transfer_to,tweet_eval/hate
Capreolus/bert-base-msmarco,transfer_to,tweet_eval/hate
yukta10/finetuning-sentiment-model-3000-samples,transfer_to,tweet_eval/hate
moghis/distilbert-base-uncased-finetuned-emotion,transfer_to,tweet_eval/hate
uygarkurt/distilbert-base-uncased-finetuned-emotion,transfer_to,tweet_eval/hate
neibla/distilbert-base-uncased-finetuned-emotion,transfer_to,tweet_eval/hate
pietrotrope/emotion_final,transfer_to,tweet_eval/hate
SetFit/distilbert-base-uncased__sst2__train-32-9,transfer_to,tweet_eval/hate
aviator-neural/bert-base-uncased-sst2,transfer_to,tweet_eval/hate
usami/distilbert-base-uncased-finetuned-cola,transfer_to,tweet_eval/hate
Jeevesh8/512seq_len_6ep_bert_ft_cola-91,transfer_to,tweet_eval/hate
markt23917/finetuning-sentiment-model-3000-samples,transfer_to,tweet_eval/hate
aXhyra/demo_sentiment_31415,transfer_to,tweet_eval/hate
Jeevesh8/6ep_bert_ft_cola-47,transfer_to,tweet_eval/hate
connectivity/cola_6ep_ft-10,transfer_to,tweet_eval/hate
aXhyra/emotion_trained_31415,transfer_to,tweet_eval/hate
aXhyra/presentation_emotion_31415,transfer_to,tweet_eval/hate
juliensimon/autonlp-imdb-demo-hf-16622767,transfer_to,tweet_eval/hate
Alassea/glue_sst_classifier,transfer_to,tweet_eval/hate
Jeevesh8/bert_ft_cola-88,transfer_to,tweet_eval/hate
jasonyim2/distilbert-base-uncased-finetuned-emotion,transfer_to,rotten_tomatoes
ali2066/finetuned_sentence_itr1_2e-05_all_26_02_2022-04_03_26,transfer_to,rotten_tomatoes
PrasunMishra/finetuning-sentiment-model-3000-samples,transfer_to,rotten_tomatoes
SetFit/distilbert-base-uncased__sst2__train-16-0,transfer_to,rotten_tomatoes
marcelcastrobr/sagemaker-distilbert-emotion,transfer_to,rotten_tomatoes
nurkayevaa/autonlp-bert-covid-407910458,transfer_to,rotten_tomatoes
riyadhctg/distilbert-base-uncased-finetuned-cola,transfer_to,rotten_tomatoes
SetFit/distilbert-base-uncased__hate_speech_offensive__train-16-1,transfer_to,rotten_tomatoes
abdelkader/distilbert-base-uncased-finetuned-emotion,transfer_to,rotten_tomatoes
dapang/distilroberta-base-mic-sym,transfer_to,rotten_tomatoes
gchhablani/fnet-base-finetuned-sst2,transfer_to,rotten_tomatoes
yukta10/finetuning-sentiment-model-3000-samples,transfer_to,rotten_tomatoes
Capreolus/bert-base-msmarco,transfer_to,rotten_tomatoes
connectivity/cola_6ep_ft-33,transfer_to,rotten_tomatoes
Splend1dchan/bert-base-uncased-slue-goldtrascription-e3-lr1e-4,transfer_to,rotten_tomatoes
connectivity/cola_6ep_ft-22,transfer_to,rotten_tomatoes
pietrotrope/emotion_final,transfer_to,rotten_tomatoes
Jeevesh8/init_bert_ft_qqp-49,transfer_to,rotten_tomatoes
moghis/distilbert-base-uncased-finetuned-emotion,transfer_to,rotten_tomatoes
neibla/distilbert-base-uncased-finetuned-emotion,transfer_to,rotten_tomatoes
uygarkurt/distilbert-base-uncased-finetuned-emotion,transfer_to,rotten_tomatoes
aXhyra/demo_sentiment_31415,transfer_to,rotten_tomatoes
aviator-neural/bert-base-uncased-sst2,transfer_to,rotten_tomatoes
Jeevesh8/6ep_bert_ft_cola-47,transfer_to,rotten_tomatoes
Jeevesh8/512seq_len_6ep_bert_ft_cola-91,transfer_to,rotten_tomatoes
aXhyra/presentation_emotion_31415,transfer_to,rotten_tomatoes
aXhyra/emotion_trained_31415,transfer_to,rotten_tomatoes
SetFit/distilbert-base-uncased__sst2__train-32-9,transfer_to,rotten_tomatoes
markt23917/finetuning-sentiment-model-3000-samples,transfer_to,rotten_tomatoes
connectivity/cola_6ep_ft-10,transfer_to,rotten_tomatoes
juliensimon/autonlp-imdb-demo-hf-16622767,transfer_to,rotten_tomatoes
Alassea/glue_sst_classifier,transfer_to,rotten_tomatoes
Jeevesh8/bert_ft_cola-88,transfer_to,rotten_tomatoes
usami/distilbert-base-uncased-finetuned-cola,transfer_to,rotten_tomatoes
vaariis/distilbert-base-uncased-finetuned-emotion,transfer_to,rotten_tomatoes
glue/qqp,similar_to,glue/sst2
glue/qqp,similar_to,dair-ai/emotion
glue/qqp,similar_to,imdb
glue/qqp,similar_to,glue/cola
glue/qqp,similar_to,tweet_eval/emotion
glue/qqp,similar_to,xnli_en
glue/qqp,similar_to,tweet_eval/emoji
glue/qqp,similar_to,glue/qnli
glue/qqp,similar_to,tweet_eval/sentiment
glue/qqp,similar_to,common_language
glue/qqp,similar_to,twitter-financial-news-sentiment
glue/qqp,similar_to,bertweet-covid19-cased-tweet-data
glue/qqp,similar_to,trec
glue/qqp,similar_to,glue/mnli
glue/qqp,similar_to,glue/rte
glue/qqp,similar_to,nli_tr/snli_tr
glue/qqp,similar_to,tweet_eval/offensive
glue/qqp,similar_to,glue/wnli
glue/qqp,similar_to,tweet_eval/irony
glue/qqp,similar_to,tweet_eval/hate
glue/qqp,similar_to,rotten_tomatoes
glue/qqp,similar_to,ag_news
glue/sst2,similar_to,glue/qqp
glue/sst2,similar_to,dair-ai/emotion
glue/sst2,similar_to,imdb
glue/sst2,similar_to,glue/cola
glue/sst2,similar_to,tweet_eval/emotion
glue/sst2,similar_to,xnli_en
glue/sst2,similar_to,tweet_eval/emoji
glue/sst2,similar_to,glue/qnli
glue/sst2,similar_to,tweet_eval/sentiment
glue/sst2,similar_to,common_language
glue/sst2,similar_to,twitter-financial-news-sentiment
glue/sst2,similar_to,bertweet-covid19-cased-tweet-data
glue/sst2,similar_to,trec
glue/sst2,similar_to,glue/mnli
glue/sst2,similar_to,glue/rte
glue/sst2,similar_to,nli_tr/snli_tr
glue/sst2,similar_to,tweet_eval/offensive
glue/sst2,similar_to,glue/wnli
glue/sst2,similar_to,tweet_eval/irony
glue/sst2,similar_to,tweet_eval/hate
glue/sst2,similar_to,rotten_tomatoes
glue/sst2,similar_to,ag_news
dair-ai/emotion,similar_to,glue/qqp
dair-ai/emotion,similar_to,glue/sst2
dair-ai/emotion,similar_to,imdb
dair-ai/emotion,similar_to,glue/cola
dair-ai/emotion,similar_to,tweet_eval/emotion
dair-ai/emotion,similar_to,xnli_en
