model,relation,base_model
google/gemma-4-31B-it,finetune,google/gemma-4-31B
gghfez/gemma-4-31b-it-control-vectors,adapter,google/gemma-4-31B-it
nvidia/Gemma-4-31B-IT-NVFP4,finetune,google/gemma-4-31B-it
virtuous7373/Gemma-4-Harmonia-31B,merge,google/gemma-4-31B-it
virtuous7373/Gemma-4-Harmonia-31B,merge,google/gemma-4-31B
virtuous7373/Gemma-4-Harmonia-31B,merge,Lambent/Fabled-Gemma4-31B
virtuous7373/Gemma-4-Harmonia-31B,merge,ConicCat/Gemma4-GarnetV2-31B
virtuous7373/Gemma-4-Harmonia-31B,merge,llmfan46/gemma-4-Ortenzya-The-Creative-Wordsmith-31B-it-uncensored-heretic
virtuous7373/Gemma-4-Harmonia-31B,merge,llmfan46/G4-MeroMero-31B-uncensored-heretic
virtuous7373/Gemma-4-Harmonia-31B,merge,llmfan46/Gemma-4-Gembrain-31B-it-uncensored-heretic
virtuous7373/Gemma-4-Harmonia-31B,merge,LatitudeGames/Equinox-31B
unsloth/gemma-4-31B-it-GGUF,quantized,google/gemma-4-31B-it
