family,family_id
Other,0
CodeLLaMA,1
LLaMA,2
WizardCoder,3
WizardLM,4
Vicuna,5
Alpaca,6
Hermes,7
Orca,8
Zephyr,9
OpenChat,10
Platypus,11
Guanaco,12
Beluga,13
Samantha,14
Tulu,15
NeuralChat,16
Notus,17
Yarn,18
Capybara,19
Mistral,20
Qwen,21
Gemma,22
Phi,23
DeepSeek,24
Solar,25
LLaVA,26
CogVLM,27
InternVL,28
Idefics,29
MiniCPM-V,30
MiniGPT,31
BLIP,32
CLIP,33
Florence,34
Fuyu,35
KOSMOS,36
Flamingo,37
PaLI,38
Emu,39
StableDiffusion,40
Flux,41
ControlNet,42
SAM,43
YOLO,44
DETR,45
DINO,46
Swin,47
BEiT,48
DeiT,49
ConvNeXt,50
ResNet,51
EfficientNet,52
MobileNet,53
ViT,54
Falcon,55
MPT,56
OLMoE,57
OLMo,58
StableLM,59
Dolly,60
Pythia,61
RWKV,62
Mamba,63
Jamba,64
DBRX,65
Nemotron,66
Granite,67
SmolLM,68
Command,69
Aya,70
Amber,71
Persimmon,72
MiniCPM,73
BLOOM,74
Yi,75
Baichuan,76
ChatGLM,77
InternLM,78
MOSS,79
XVERSE,80
TigerBot,81
Aquila,82
BlueLM,83
Skywork,84
Orion,85
SeaLLM,86
GPT-NeoX,87
GPT-J,88
GPT-Neo,89
GPT-2,90
GPT,91
DistilBERT,92
DeBERTa,93
RoBERTa,94
ALBERT,95
ELECTRA,96
XLNet,97
CamemBERT,98
FlauBERT,99
ERNIE,100
MacBERT,101
BERT,102
T5,103
SpeechT5,104
mBART,105
BART,106
PEGASUS,107
M2M-100,108
NLLB,109
OpusMT,110
XLM,111
OPT,112
StarCoder,113
SantaCoder,114
CodeGen,115
InCoder,116
PolyCoder,117
Replit,118
Magicoder,119
Whisper,120
WavLM,121
Wav2Vec,122
HuBERT,123
SeamlessM4T,124
MusicGen,125
EnCodec,126
Bark,127
CLAP,128
E5,129
BGE,130
GTE,131
NomicEmbed,132
INSTRUCTOR,133
Jina,134
