model,param_count
Jeevesh8/init_bert_ft_qqp-33,
ali2066/finetuned_sentence_itr1_2e-05_all_26_02_2022-04_03_26,
vaariis/distilbert-base-uncased-finetuned-emotion,
philschmid/tiny-distilbert-classification,
heranm/finetuning-sentiment-model-3000-samples,
marcelcastrobr/sagemaker-distilbert-emotion,
jasonyim2/distilbert-base-uncased-finetuned-emotion,
riyadhctg/distilbert-base-uncased-finetuned-cola,
dapang/distilroberta-base-mic-sym,
PrasunMishra/finetuning-sentiment-model-3000-samples,
nurkayevaa/autonlp-bert-covid-407910458,
SetFit/distilbert-base-uncased__sst2__train-16-0,
abdelkader/distilbert-base-uncased-finetuned-emotion,
SetFit/distilbert-base-uncased__hate_speech_offensive__train-16-1,
gchhablani/fnet-base-finetuned-sst2,
Capreolus/bert-base-msmarco,
Splend1dchan/bert-base-uncased-slue-goldtrascription-e3-lr1e-4,109485059.0
crcb/isear_bert,
connectivity/cola_6ep_ft-33,
Jeevesh8/init_bert_ft_qqp-49,
Jeevesh8/feather_berts_46,
connectivity/cola_6ep_ft-22,
yukta10/finetuning-sentiment-model-3000-samples,
JonatanGk/roberta-base-bne-finetuned-cyberbullying-spanish,124645380.0
cambridgeltl/guardian_news_distilbert-base-uncased,
gchhablani/fnet-base-finetuned-cola,
ncduy/roberta-imdb-sentiment-analysis,
vesteinn/XLMR-ENIS-finetuned-cola,124448004.0
isakbos/Q8BERT_COLA_L_512,
connectivity/bert_ft_qqp-7,
moghis/distilbert-base-uncased-finetuned-emotion,
moshew/bert-mini-sst2-distilled,
nreimers/mmarco-mMiniLMv2-L6-H384-v1,
uygarkurt/distilbert-base-uncased-finetuned-emotion,
amyma21/sincere_question_classification,
phailyoor/distilbert-base-uncased-finetuned-yahd,
arianpasquali/distilbert-base-multilingual-cased-toxicity,
robertou2/roberta-base-bne-finetuned-amazon_reviews_multi,
neibla/distilbert-base-uncased-finetuned-emotion,
Anthos23/FS-distilroberta-fine-tuned,
pietrotrope/emotion_final,
aviator-neural/bert-base-uncased-sst2,
Jeevesh8/bert_ft_qqp-40,
jaesun/distilbert-base-uncased-finetuned-cola,
SetFit/distilbert-base-uncased__sst2__train-32-9,
strickvl/nlp-redaction-classifier,141896193.0
usami/distilbert-base-uncased-finetuned-cola,
connectivity/feather_berts_28,
IMSyPP/hate_speech_it,
Jeevesh8/512seq_len_6ep_bert_ft_cola-91,
Jeevesh8/bert_ft_qqp-9,
Jeevesh8/bert_ft_qqp-88,
Recognai/bert-base-spanish-wwm-cased-xnli,109853699.0
markt23917/finetuning-sentiment-model-3000-samples,
chiragasarpota/scotus-bert,
JNK789/distilbert-base-uncased-finetuned-tweets-emoji-dataset,
warwickai/fin-perceiver,206099971.0
anirudh21/bert-base-uncased-finetuned-qnli,
Jeevesh8/6ep_bert_ft_cola-47,
oferweintraub/bert-base-finance-sentiment-noisy-search,
aXhyra/demo_sentiment_31415,
milyiyo/selectra-small-finetuned-amazon-review,
saattrupdan/job-listing-relevance-model,278044931.0
Alireza1044/albert-base-v2-qnli,
aXhyra/presentation_sentiment_1234567,
liangyuant/distilbert-base-uncased-finetuned-num200-450-405cls,
DoyyingFace/bert-asian-hate-tweets-asian-unclean-freeze-4,
connectivity/cola_6ep_ft-10,
Jeevesh8/lecun_feather_berts-3,
jb2k/bert-base-multilingual-cased-language-detection,
Giyaseddin/distilroberta-base-finetuned-short-answer-assessment,
connectivity/bert_ft_qqp-25,
Jeevesh8/6ep_bert_ft_cola-12,
18811449050/bert_finetuning_test,
aXhyra/emotion_trained_31415,
aXhyra/presentation_emotion_31415,
JB173/distilbert-base-uncased-finetuned-emotion,
nickmuchi/facebook-data2vec-finetuned-finance-classification,
Jeevesh8/feather_berts_96,
AnonymousSub/dummy_2,
Jeevesh8/init_bert_ft_qqp-24,
Jeevesh8/bert_ft_qqp-55,
Jeevesh8/lecun_feather_berts-51,
Jeevesh8/bert_ft_qqp-68,
viviastaari/finetuning-sentiment-analysis-en-id,
Jeevesh8/6ep_bert_ft_cola-29,
connectivity/bert_ft_qqp-17,
Jeevesh8/init_bert_ft_qqp-28,
vinai/bertweet-base,
dhimskyy/wiki-bert,
finiteautomata/betonews-tweetcontext,133730620.0
bert-base-uncased,110106428.0
justinqbui/bertweet-covid19-base-uncased-pretraining-covid-vaccine-tweets,
vinai/bertweet-covid19-base-cased,
distilbert-base-uncased,66985530.0
roberta-base,124697947.0
bert-base-cased,108932934.0
cross-encoder/quora-distilroberta-base,82119683.0
albert-base-v2,11842272.0
michiyasunaga/LinkBERT-base,
Aureliano/distilbert-base-uncased-if,
rmihaylov/roberta-base-sentiment-bg,
cardiffnlp/twitter-roberta-base-2021-124m,
bert-large-uncased,336226108.0
roberta-large,355412571.0
vinai/bertweet-covid19-base-uncased,
anferico/bert-for-patents,345797045.0
connectivity/bert_ft_qqp-1,
juliensimon/autonlp-imdb-demo-hf-16622767,
Alassea/glue_sst_classifier,
cross-encoder/ms-marco-MiniLM-L-4-v2,19165185.0
Nanatan/distilbert-base-uncased-finetuned-emotion,
Jeevesh8/bert_ft_qqp-39,
Jeevesh8/bert_ft_cola-60,
navsad/navid_test_bert,
Jeevesh8/lecun_feather_berts-8,
Jeevesh8/lecun_feather_berts-7,
IMSyPP/hate_speech_nl,
morenolq/SumTO_FNS2020,108311041.0
navteca/quora-roberta-base,
connectivity/bert_ft_qqp-94,
w11wo/sundanese-bert-base-emotion-classifier,109485828.0
Hate-speech-CNERG/bert-base-uncased-hatexplain-rationale-two,
matthewburke/korean_sentiment,
korca/bae-roberta-base-boolq,
Jeevesh8/bert_ft_cola-88,
waboucay/camembert-base-finetuned-xnli_fr-finetuned-nli-rua_wl,
aditeyabaral/finetuned-sail2017-xlm-roberta-base,
aychang/bert-base-cased-trec-coarse,
cross-encoder/quora-roberta-base,124646915.0
ishan/bert-base-uncased-mnli,
socialmediaie/TRAC2020_IBEN_B_bert-base-multilingual-uncased,167357954.0
mrm8488/codebert-base-finetuned-detect-insecure-code,
cardiffnlp/bertweet-base-stance-climate,
connectivity/bert_ft_qqp-96,
fgaim/tiroberta-geezswitch,
M47Labs/spanish_news_classification_headlines_untrained,
XSY/albert-base-v2-imdb-calssification,
zenkri/autotrain-Arabic_Poetry_by_Subject-920730230,
CAMeL-Lab/bert-base-arabic-camelbert-da-sentiment,
bondi/bert-semaphore-prediction-w4,
cointegrated/roberta-base-formality,124647684.0
boychaboy/MNLI_roberta-base,
fabriceyhc/bert-base-uncased-imdb,
JonatanGk/roberta-base-ca-finetuned-hate-speech-offensive-catalan,
classla/bcms-bertic-parlasent-bcs-ter,110620163.0
Raychanan/COVID_RandomOver,
gchhablani/bert-base-cased-finetuned-rte,
emrecan/bert-base-multilingual-cased-snli_tr,
ali2066/DistilBERTFINAL_ctxSentence_TRAIN_editorials_TEST_NULL_second_train_set_null_False,
anvay/finetuning-cardiffnlp-sentiment-model,
elozano/tweet_offensive_eval,
joebobby/finetuning-sentiment-model-5000-samples3,
YeRyeongLee/electra-base-discriminator-finetuned-filtered-0602,
Jeevesh8/feather_berts_92,
CAMeL-Lab/bert-base-arabic-camelbert-mix-did-nadi,
mrm8488/electricidad-base-finetuned-pawsx-es,
Monsia/camembert-fr-covid-tweet-classification,
gchhablani/bert-base-cased-finetuned-wnli,
manueltonneau/bert-twitter-en-is-hired,
Guscode/DKbert-hatespeech-detection,
ASCCCCCCCC/distilbert-base-chinese-amazon_zh_20000,
kyleinincubated/autonlp-cat333-624217911,
ChrisUPM/BioBERT_Re_trained,
