model,family
Jeevesh8/init_bert_ft_qqp-33,BERT
ali2066/finetuned_sentence_itr1_2e-05_all_26_02_2022-04_03_26,Sentence
vaariis/distilbert-base-uncased-finetuned-emotion,DistilBERT
philschmid/tiny-distilbert-classification,Phi
heranm/finetuning-sentiment-model-3000-samples,Finetuning
marcelcastrobr/sagemaker-distilbert-emotion,DistilBERT
jasonyim2/distilbert-base-uncased-finetuned-emotion,DistilBERT
riyadhctg/distilbert-base-uncased-finetuned-cola,DistilBERT
dapang/distilroberta-base-mic-sym,RoBERTa
PrasunMishra/finetuning-sentiment-model-3000-samples,Finetuning
nurkayevaa/autonlp-bert-covid-407910458,BERT
SetFit/distilbert-base-uncased__sst2__train-16-0,DistilBERT
abdelkader/distilbert-base-uncased-finetuned-emotion,DistilBERT
SetFit/distilbert-base-uncased__hate_speech_offensive__train-16-1,DistilBERT
gchhablani/fnet-base-finetuned-sst2,Fnet
Capreolus/bert-base-msmarco,BERT
Splend1dchan/bert-base-uncased-slue-goldtrascription-e3-lr1e-4,BERT
crcb/isear_bert,BERT
connectivity/cola_6ep_ft-33,ViT
Jeevesh8/init_bert_ft_qqp-49,BERT
Jeevesh8/feather_berts_46,BERT
connectivity/cola_6ep_ft-22,ViT
yukta10/finetuning-sentiment-model-3000-samples,Finetuning
JonatanGk/roberta-base-bne-finetuned-cyberbullying-spanish,RoBERTa
cambridgeltl/guardian_news_distilbert-base-uncased,DistilBERT
gchhablani/fnet-base-finetuned-cola,Fnet
ncduy/roberta-imdb-sentiment-analysis,RoBERTa
vesteinn/XLMR-ENIS-finetuned-cola,XLM
isakbos/Q8BERT_COLA_L_512,BERT
connectivity/bert_ft_qqp-7,ViT
moghis/distilbert-base-uncased-finetuned-emotion,DistilBERT
moshew/bert-mini-sst2-distilled,BERT
nreimers/mmarco-mMiniLMv2-L6-H384-v1,Mmarco
uygarkurt/distilbert-base-uncased-finetuned-emotion,DistilBERT
amyma21/sincere_question_classification,Sincere
phailyoor/distilbert-base-uncased-finetuned-yahd,DistilBERT
arianpasquali/distilbert-base-multilingual-cased-toxicity,DistilBERT
robertou2/roberta-base-bne-finetuned-amazon_reviews_multi,RoBERTa
neibla/distilbert-base-uncased-finetuned-emotion,DistilBERT
Anthos23/FS-distilroberta-fine-tuned,RoBERTa
pietrotrope/emotion_final,Emotion
aviator-neural/bert-base-uncased-sst2,BERT
Jeevesh8/bert_ft_qqp-40,BERT
jaesun/distilbert-base-uncased-finetuned-cola,DistilBERT
SetFit/distilbert-base-uncased__sst2__train-32-9,DistilBERT
strickvl/nlp-redaction-classifier,Nlp
usami/distilbert-base-uncased-finetuned-cola,DistilBERT
connectivity/feather_berts_28,ViT
IMSyPP/hate_speech_it,Hate
Jeevesh8/512seq_len_6ep_bert_ft_cola-91,BERT
Jeevesh8/bert_ft_qqp-9,BERT
Jeevesh8/bert_ft_qqp-88,BERT
Recognai/bert-base-spanish-wwm-cased-xnli,BERT
markt23917/finetuning-sentiment-model-3000-samples,Finetuning
chiragasarpota/scotus-bert,BERT
JNK789/distilbert-base-uncased-finetuned-tweets-emoji-dataset,DistilBERT
warwickai/fin-perceiver,Fin
anirudh21/bert-base-uncased-finetuned-qnli,BERT
Jeevesh8/6ep_bert_ft_cola-47,BERT
oferweintraub/bert-base-finance-sentiment-noisy-search,BERT
aXhyra/demo_sentiment_31415,Demo
milyiyo/selectra-small-finetuned-amazon-review,ELECTRA
saattrupdan/job-listing-relevance-model,Job
Alireza1044/albert-base-v2-qnli,ALBERT
aXhyra/presentation_sentiment_1234567,Presentation
liangyuant/distilbert-base-uncased-finetuned-num200-450-405cls,DistilBERT
DoyyingFace/bert-asian-hate-tweets-asian-unclean-freeze-4,BERT
connectivity/cola_6ep_ft-10,ViT
Jeevesh8/lecun_feather_berts-3,BERT
jb2k/bert-base-multilingual-cased-language-detection,BERT
Giyaseddin/distilroberta-base-finetuned-short-answer-assessment,RoBERTa
connectivity/bert_ft_qqp-25,ViT
Jeevesh8/6ep_bert_ft_cola-12,BERT
18811449050/bert_finetuning_test,BERT
aXhyra/emotion_trained_31415,Emotion
aXhyra/presentation_emotion_31415,Presentation
JB173/distilbert-base-uncased-finetuned-emotion,DistilBERT
nickmuchi/facebook-data2vec-finetuned-finance-classification,Facebook
Jeevesh8/feather_berts_96,BERT
AnonymousSub/dummy_2,Dummy
Jeevesh8/init_bert_ft_qqp-24,BERT
Jeevesh8/bert_ft_qqp-55,BERT
Jeevesh8/lecun_feather_berts-51,BERT
Jeevesh8/bert_ft_qqp-68,BERT
viviastaari/finetuning-sentiment-analysis-en-id,Finetuning
Jeevesh8/6ep_bert_ft_cola-29,BERT
connectivity/bert_ft_qqp-17,ViT
Jeevesh8/init_bert_ft_qqp-28,BERT
vinai/bertweet-base,BERT
dhimskyy/wiki-bert,BERT
finiteautomata/betonews-tweetcontext,Betonews
bert-base-uncased,BERT
justinqbui/bertweet-covid19-base-uncased-pretraining-covid-vaccine-tweets,BERT
vinai/bertweet-covid19-base-cased,BERT
distilbert-base-uncased,DistilBERT
roberta-base,RoBERTa
bert-base-cased,BERT
cross-encoder/quora-distilroberta-base,RoBERTa
albert-base-v2,ALBERT
michiyasunaga/LinkBERT-base,BERT
Aureliano/distilbert-base-uncased-if,DistilBERT
rmihaylov/roberta-base-sentiment-bg,RoBERTa
cardiffnlp/twitter-roberta-base-2021-124m,RoBERTa
bert-large-uncased,BERT
roberta-large,RoBERTa
vinai/bertweet-covid19-base-uncased,BERT
anferico/bert-for-patents,BERT
connectivity/bert_ft_qqp-1,ViT
juliensimon/autonlp-imdb-demo-hf-16622767,Autonlp
Alassea/glue_sst_classifier,Glue
cross-encoder/ms-marco-MiniLM-L-4-v2,Marco
Nanatan/distilbert-base-uncased-finetuned-emotion,DistilBERT
Jeevesh8/bert_ft_qqp-39,BERT
Jeevesh8/bert_ft_cola-60,BERT
navsad/navid_test_bert,BERT
Jeevesh8/lecun_feather_berts-8,BERT
Jeevesh8/lecun_feather_berts-7,BERT
IMSyPP/hate_speech_nl,Hate
morenolq/SumTO_FNS2020,Sumto
navteca/quora-roberta-base,RoBERTa
connectivity/bert_ft_qqp-94,ViT
w11wo/sundanese-bert-base-emotion-classifier,BERT
Hate-speech-CNERG/bert-base-uncased-hatexplain-rationale-two,BERT
matthewburke/korean_sentiment,Korean
korca/bae-roberta-base-boolq,Orca
Jeevesh8/bert_ft_cola-88,BERT
waboucay/camembert-base-finetuned-xnli_fr-finetuned-nli-rua_wl,CamemBERT
aditeyabaral/finetuned-sail2017-xlm-roberta-base,RoBERTa
aychang/bert-base-cased-trec-coarse,BERT
cross-encoder/quora-roberta-base,RoBERTa
ishan/bert-base-uncased-mnli,BERT
socialmediaie/TRAC2020_IBEN_B_bert-base-multilingual-uncased,BERT
mrm8488/codebert-base-finetuned-detect-insecure-code,BERT
cardiffnlp/bertweet-base-stance-climate,BERT
connectivity/bert_ft_qqp-96,ViT
fgaim/tiroberta-geezswitch,RoBERTa
M47Labs/spanish_news_classification_headlines_untrained,Spanish
XSY/albert-base-v2-imdb-calssification,ALBERT
zenkri/autotrain-Arabic_Poetry_by_Subject-920730230,Autotrain
CAMeL-Lab/bert-base-arabic-camelbert-da-sentiment,BERT
bondi/bert-semaphore-prediction-w4,BERT
cointegrated/roberta-base-formality,RoBERTa
boychaboy/MNLI_roberta-base,RoBERTa
fabriceyhc/bert-base-uncased-imdb,BERT
JonatanGk/roberta-base-ca-finetuned-hate-speech-offensive-catalan,RoBERTa
classla/bcms-bertic-parlasent-bcs-ter,BERT
Raychanan/COVID_RandomOver,Covid
gchhablani/bert-base-cased-finetuned-rte,BERT
emrecan/bert-base-multilingual-cased-snli_tr,BERT
ali2066/DistilBERTFINAL_ctxSentence_TRAIN_editorials_TEST_NULL_second_train_set_null_False,DistilBERT
anvay/finetuning-cardiffnlp-sentiment-model,Finetuning
elozano/tweet_offensive_eval,Tweet
joebobby/finetuning-sentiment-model-5000-samples3,Finetuning
YeRyeongLee/electra-base-discriminator-finetuned-filtered-0602,ELECTRA
Jeevesh8/feather_berts_92,BERT
CAMeL-Lab/bert-base-arabic-camelbert-mix-did-nadi,BERT
mrm8488/electricidad-base-finetuned-pawsx-es,Electricidad
Monsia/camembert-fr-covid-tweet-classification,CamemBERT
gchhablani/bert-base-cased-finetuned-wnli,BERT
manueltonneau/bert-twitter-en-is-hired,BERT
Guscode/DKbert-hatespeech-detection,BERT
ASCCCCCCCC/distilbert-base-chinese-amazon_zh_20000,DistilBERT
kyleinincubated/autonlp-cat333-624217911,Autonlp
ChrisUPM/BioBERT_Re_trained,BERT
