mappedID,unique_model_id
0,tomaarsen/span-marker-bert-base-uncased-acronyms
1,tomaarsen/span-marker-bert-base-acronyms
2,deepset/roberta-base-squad2
3,deepset/bert-large-uncased-whole-word-masking-squad2
4,deepset/tinyroberta-squad2
5,deepset/deberta-v3-large-squad2
6,deepset/deberta-v3-base-squad2
7,deepset/roberta-base-squad2-distilled
8,sjrhuschlee/flan-t5-base-squad2
9,deepset/electra-base-squad2
10,deepset/roberta-large-squad2
11,sjrhuschlee/flan-t5-large-squad2
12,sjrhuschlee/deberta-v3-base-squad2-ext-v1
13,onnx-community/tinyroberta-squad2-ONNX
14,deepset/flan-t5-xl-squad2
15,sjrhuschlee/deberta-v3-large-squad2
16,sjrhuschlee/deberta-v3-base-squad2
17,nbroad/rob-base-gc1
18,nbroad/rob-base-superqa2
19,nbroad/rob-base-superqa1
20,mbartolo/roberta-large-synqa
21,mbartolo/roberta-large-synqa-ext
22,sergeyzh/rubert-tiny-turbo
23,Snowflake/snowflake-arctic-embed-m
24,Snowflake/snowflake-arctic-embed-xs
25,Snowflake/snowflake-arctic-embed-m-long
26,Snowflake/snowflake-arctic-embed-s
27,Snowflake/snowflake-arctic-embed-l
28,Kaylebor/pf2e-codex-embed-xs
29,masked-kunsiquat/snowflake-arctic-embed-xs-2
30,fabriceyhc/bert-base-uncased-ag_news
31,YuvarajK-g25ait2054/ag-news-distilbert
32,mrm8488/bert-mini-finetuned-age_news-classification
33,Alfiob12/agnews-bert
34,zanesmit29/founder-deberta-agnews-v1
35,Akirami/distillbert-uncased-ag-news
36,martian786/agnews-roberta-seed42-fulltext-1pct
37,nabeelshan/distilbert-finetuned-agnews
38,kenhktsui/setfit_test_ag_news_syn
39,shed-e/ag_news-Classification
40,Alesteba/clasificador-news
41,Alesteba/deep_model_09_clasificador-news-2
42,JohnHwang/news_classification
43,genaibook/classifier-chapter4
44,kenhktsui/setfit_test_ag_news
45,martian786/agnews-roberta-seed42-fulltext-100pct
46,martian786/agnews-roberta-seed42-fulltext-10pct
47,martian786/agnews-roberta-seed42-fulltext-50pct
48,mosesju/distilbert-base-uncased-finetuned-news
49,osanseviero/trainer-chapter3
50,HarleyCooper/nanochat561
51,amir7d0/distilbert-base-uncased-finetuned-amazon-reviews
52,HIT-TMG/KaLM-embedding-multilingual-mini-v1
53,HIT-TMG/KaLM-embedding-multilingual-mini-instruct-v1.5
54,jinaai/jina-embeddings-v3-hf
55,HIT-TMG/KaLM-embedding-multilingual-mini-instruct-v1
56,koble-ai/jina-embeddings-v3
57,vaidehiBhamare/jina1
58,kojeomstudio/jina-embedding-v3-game
59,tomaarsen/jina-embeddings-v3-hf
60,Gidigi/gidigi_79c07173_0003
61,ISOISS/jina-embeddings-v3-tei
62,LuminaInc/jina-embeddings-v3
63,intfloat/multilingual-e5-small
64,MintplexLabs/multilingual-e5-small
65,shannondata/multilingual-e5-small
66,mihaylovnikitos/multilingual-e5-small-softenginer
67,Malcolmdenis/multilingual-e5-small
68,nilay-sam-23/multilingual-e5-small-onnx
69,inboxpraveen/multilingual-e5-small
70,DLCorso/multilingual-e5-small
71,Karmukilan/multilingual-e5-small
72,Hisham480/multilingual-e5-small
73,mikelalda/multilingual-e5-small
74,Marqo/multilingual-e5-small
75,deepfile/multilingual-e5-small-openvino
76,Hostage928/multilingual-e5-small
77,Alibaba-NLP/gte-multilingual-base
78,leeloolee/intention
79,BAAI/bge-multilingual-gemma2
80,Alibaba-NLP/gte-Qwen2-1.5B-instruct
81,Alibaba-NLP/gte-Qwen2-7B-instruct
82,beethogedeon/gte-Qwen2-7B-instruct-Q4_K_M-GGUF
83,mlx-community/gte-Qwen2-7B-instruct-4bit-DWQ
84,mlx-community/gte-Qwen2-1.5B-instruct-4bit-dwq
85,starsy/gte-Qwen2-7B-instruct
86,OrcaDB/qwen2-1.5b
87,joshcd/MNLP_M3_document_encoder
88,RedHatAI/gte-Qwen2-7B-instruct
89,hudiashudhhhfgwsephu/gte-Qwen2-7B-instruct
90,BN7002/gte-Qwen2-7B-instruct-Q4_K_M-GGUF
91,BillSYZhang/gte-Qwen2-7B-instruct-Q4-mlx
92,sthuck/gte-Qwen2-7B-instruct-bfloat16
93,DecisionOptimizationSystemProduction/DeepFeatTextEmbeddingLarge
94,intfloat/e5-mistral-7b-instruct
95,izhx/udever-bloom-1b1
96,izhx/udever-bloom-560m
97,Alignment-Lab-AI/e5-mistral-7b-instruct
98,izhx/udever-bloom-7b1
99,izhx/udever-bloom-3b
100,gabor-hosu/e5-mistral-7b-instruct-bnb-4bit
101,Arastun/e5-mistral-7b-instruct
102,arcdev/e5-mistral-7b-instruct
103,krilecy/e5-mistral-7b-instruct
104,Frazic/udever-bloom-3b-sentence
105,Alibaba-NLP/gme-Qwen2-VL-2B-Instruct
106,openbmb/MiniCPM-Embedding-Light
107,Alibaba-NLP/gme-Qwen2-VL-7B-Instruct
108,sunzx0810/gte-Qwen2-7B-instruct-Q5_K_M-GGUF
109,thtang/ALL_862873
110,brandonywl/gme-Qwen2-VL-2B-Instruct
111,intfloat/multilingual-e5-large
112,intfloat/multilingual-e5-base
113,intfloat/multilingual-e5-large-instruct
114,avsolatorio/GIST-Embedding-v0
115,Hiveurban/multilingual-e5-base
116,beademiguelperez/sentence-transformers-multilingual-e5-small
117,mlx-community/multilingual-e5-small-mlx
118,bigscience/sgpt-bloom-7b1-msmarco
119,mlx-community/multilingual-e5-large-mlx
120,BookingCare/multilingual-e5-base-similarity-v1-onnx-quantized
121,mlx-community/multilingual-e5-large
122,BookingCare/multilingual-e5-base-v3-onnx-quantized
123,anuccikpmg/multilingual-e5-large-instruct
124,onelevelstudio/M-E5-BASE
125,onelevelstudio/ML-E5-0.6B
126,cocongy/e5-finetuned
127,onelevelstudio/ML-E5-0.3B
128,onelevelstudio/ML-E5-0.6B-Instruct
129,sergabrr/tourrf-e5-large-full-v3
130,zeta-alpha-ai/Zeta-Alpha-E5-Mistral
131,santhosh/multilingual-e5-base-int8-ov
132,linhha2705/multilingual-e5-nutrition
133,hajkis-glami/multilingual-e5-base-embeddings
134,OrcaDB/e5-large
135,thuan220401/multilingual-e5-large
136,cern6959/intfloat_multilingual-e5-base
137,RedHatAI/multilingual-e5-large
138,Sangyup/multilingual-e5-local-copy
139,Auparima/thaifood-embed
140,NaganoJRC/multilingual-e5-base
141,nilay-sam-23/multilingual-e5-large-onnx
142,manuelmoreno149/multilingual-e5-base
143,nounagnonsavoedo/multilingual-e5-base
144,AbdullahMoQH/multilingual-e5-base
145,baseten-admin/multilingual-e5-large-instruct-cls
146,qxx1/multilingual-e5-large-instruct
147,Karmukilan/multilingual-e5-base
148,baby2008/multilingual-e5-large-instruct
149,mlx-community/multilingual-e5-base-mlx
150,nnch/multilingual-e5-large-Q4_K_M-GGUF
151,arkam23/multilingual-e5-base
152,onnx-community/multilingual-e5-base-ONNX
153,deepfile/multilingual-e5-small-onnx-qint8
154,Nextcloud-AI/multilingual-e5-large-instruct
155,vectoriseai/multilingual-e5-large
156,aiacademyvn/multilingual-e5-large-instruct
157,Hiveurban/multilingual-e5-large-pooled
158,mikelalda/multilingual-e5-base
159,morgendigital/multilingual-e5-large-quantized
160,maiyad/multilingual-e5-small
161,woody72/multilingual-e5-base
162,ef-zulla/e5-multi-sml-torch
163,goldenrooster/multilingual-e5-large
164,ildodeltaRule/multilingual-e5-large
165,anuccikpmg/multilingual-e5-large-instruct-openvino-int8
166,jinaai/jina-embeddings-v2-base-de
167,Lajavaness/bilingual-embedding-large
168,Lajavaness/bilingual-embedding-small
169,Lajavaness/bilingual-embedding-base
170,Muennighoff/SGPT-125M-weightedmean-nli-bitfit
171,Muennighoff/SGPT-5.8B-weightedmean-nli-bitfit
172,BAAI/bge-small-en-v1.5
173,nomic-ai/nomic-embed-text-v1.5
174,BAAI/bge-large-en-v1.5
175,BAAI/bge-base-en-v1.5
176,mixedbread-ai/mxbai-embed-large-v1
177,nomic-ai/nomic-embed-text-v1
178,intfloat/e5-large-v2
179,intfloat/e5-base-v2
180,WhereIsAI/UAE-Large-V1
181,Alibaba-NLP/gte-large-en-v1.5
182,jinaai/jina-embeddings-v2-small-en
183,Salesforce/SFR-Embedding-2_R
184,Snowflake/snowflake-arctic-embed-l-v2.0
185,intfloat/e5-base
186,BAAI/bge-base-en
187,TaylorAI/bge-micro-v2
188,thenlper/gte-large
189,intfloat/e5-small-v2
190,Alibaba-NLP/gte-base-en-v1.5
191,thenlper/gte-base
192,BAAI/bge-small-en
193,Snowflake/snowflake-arctic-embed-m-v1.5
194,thenlper/gte-small
195,hkunlp/instructor-large
196,intfloat/e5-small
197,mixedbread-ai/mxbai-embed-2d-large-v1
198,Snowflake/snowflake-arctic-embed-m-v2.0
199,avsolatorio/GIST-all-MiniLM-L6-v2
200,jinaai/jina-embeddings-v2-base-en
201,shibing624/text2vec-base-multilingual
202,corto-ai/nomic-embed-text-v1
203,OrcaDB/gte-base-en-v1.5
204,intfloat/e5-large
205,avsolatorio/GIST-small-Embedding-v0
206,unsloth/bge-small-en-v1.5
207,BAAI/bge-large-en
208,NovaSearch/stella_en_400M_v5
209,ibm-granite/granite-embedding-107m-multilingual
210,llmrails/ember-v1
211,parasail-ai/GritLM-7B-vllm
212,ibm-granite/granite-embedding-278m-multilingual
213,ibm-granite/granite-embedding-125m-english
214,NovaSearch/stella_en_1.5B_v5
215,optimum-intel-internal-testing/bge-small-en-v1.5
216,nvidia/NV-Embed-v2
217,hkunlp/instructor-base
218,Linq-AI-Research/Linq-Embed-Mistral
219,jinaai/jina-embeddings-v2-base-es
220,Salesforce/SFR-Embedding-Mistral
221,abhinand/MedEmbed-small-v0.1
222,hkunlp/instructor-xl
223,GritLM/GritLM-7B
224,TaylorAI/bge-micro
225,GritLM/GritLM-8x7B
226,TaylorAI/gte-tiny
227,arkohut/jina-embeddings-v2-base-en
228,avsolatorio/NoInstruct-small-Embedding-v0
229,prdev/mini-gte
230,it-just-works/stella_en_1.5B_v5_bf16
231,jinaai/jina-embedding-b-en-v1
232,dwzhu/e5-base-4k
233,billatsectorflow/stella_en_400M_v5
234,avsolatorio/GIST-large-Embedding-v0
235,khoa-klaytn/bge-base-en-v1.5-angle
236,infgrad/stella-base-en-v2
237,BAAI/bge-en-icl
238,mlx-community/bge-small-en-v1.5-bf16
239,jinaai/jina-embedding-s-en-v1
240,Muennighoff/SGPT-125M-weightedmean-msmarco-specb-bitfit
241,mlx-community/mxbai-embed-large-v1
242,Muennighoff/SGPT-1.3B-weightedmean-msmarco-specb-bitfit
243,nomic-ai/nomic-embed-text-v1-unsupervised
244,NovaSearch/jasper_en_vision_language_v1
245,RedHatAI/nomic-embed-text-v1.5
246,cnmoro/snowflake-arctic-embed-m-v2.0-cpu
247,dmlls/all-mpnet-base-v2-negation
248,jinaai/jina-embedding-l-en-v1
249,Mihaiii/Venusaur
250,RedHatAI/bge-base-en-v1.5-quant
251,OrcaDB/bge-base
252,Labib11/MUG-B-1.6
253,sam-babayev/sf_model_e5
254,aws-neuron/bge-base-en-v1-5-seqlen-384-bs-1
255,Mihaiii/Ivysaur
256,RedHatAI/snowflake-arctic-embed-l-v2.0
257,nomic-ai/nomic-embed-text-v1-ablated
258,brahmairesearch/slx-v0.1
259,OrcaDB/mxbai-large
260,Hum-Works/lodestone-base-4096-v1
261,Muennighoff/SGPT-5.8B-weightedmean-msmarco-specb-bitfit
262,mlx-community/bge-small-en-v1.5-4bit
263,deepfile/embedder-100p
264,OrcaDB/gist-large
265,Muennighoff/SGPT-2.7B-weightedmean-msmarco-specb-bitfit
266,RedHatAI/bge-small-en-v1.5-quant
267,RedHatAI/bge-small-en-v1.5-sparse
268,jspringer/echo-mistral-7b-instruct-lasttoken
269,andersonbcdefg/bge-small-4096
270,RedHatAI/bge-base-en-v1.5-sparse
271,khoa-klaytn/bge-small-en-v1.5-angle
272,consciousAI/cai-stellaris-text-embeddings
273,avsolatorio/MixEmbed-base-20240110021715-best
274,w601sxs/b1ade-embed
275,avsolatorio/MixEmbed-base-20240110153733-latest
276,avsolatorio/MixEmbed-base-20240110153733-best
277,avsolatorio/MixEmbed-base-20240110184818-best
278,avsolatorio/MixEmbed-base-20240113172018-latest
279,avsolatorio/MixEmbed-base-20240113172018-best
280,avsolatorio/MixEmbed-base-20240110225225-best
281,djovak/multi-qa-MiniLM-L6-cos-v1
282,avsolatorio/MixEmbedBert-base-20240115112530-latest
283,avsolatorio/MixEmbed-base-20240113234012-best
284,avsolatorio/MixEmbedMean-base-20240116012638-best
285,avsolatorio/MixEmbedFinetune-base-20240122103941-best
286,avsolatorio/MixEmbedBert-base-20240115112530-best
287,avsolatorio/MixEmbedBert-base-20240115163419-best
288,avsolatorio/MixEmbedFinetune-base-20240122103941-latest
289,avsolatorio/MixEmbedMean-base-20240116021758-best
290,Mihaiii/Bulbasaur
291,avsolatorio/MixEmbedBert-base-20240115163419-latest
292,avsolatorio/MixEmbedMean-base-20240116001529-best
293,avsolatorio/MixEmbedFinetune-base-20240122235004-latest
294,avsolatorio/MixEmbedMean-base-20240116005519-best
295,avsolatorio/00-000-11-1-0-1-0-0-cls-unnormed-768-512_GIST_BAAI_bge-base-en-v1.5-20240128072140-best
296,avsolatorio/MixEmbed-base-20240110225225-latest
297,zeroshot/gte-small-quant
298,mlx-community/snowflake-arctic-embed-l-v2.0-8bit
299,avsolatorio/MixEmbedFinetune-base-20240122220746-best
300,avsolatorio/MixEmbedFinetune-base-20240122145230-latest
301,avsolatorio/00-000-11-1-0-1-0-0-u_GIST_BAAI_bge-base-en-v1.5-20240127164623-best
302,avsolatorio/MixEmbedFinetune-base-20240122234122-best
303,avsolatorio/40-100-11-1-2-2-0-0-mean-normed-384-512_GIST_TaylorAI_gte-tiny-20240201182729-latest
304,avsolatorio/MixEmbedFinetune-base-20240122220725-best
305,avsolatorio/AVES_BAAI_bge-base-en-v1.5-20240126151540-latest
306,avsolatorio/MixEmbedFinetune-base-20240122220725-latest
307,avsolatorio/MixEmbedFinetune-base-20240124231910-latest
308,avsolatorio/MixEmbedFinetune-base-20240124231910-best
309,avsolatorio/AVES_BAAI_bge-base-en-v1.5-20240125221415-best
310,avsolatorio/AVES_BAAI_bge-base-en-v1.5-20240125211517-latest
311,avsolatorio/MixEmbedFinetune-base-20240122212744-best
312,avsolatorio/00-000-10-1-0-1-0-0-u_GIST_BAAI_bge-base-en-v1.5-20240127115244-best
313,avsolatorio/MixEmbedFinetune-base-20240123184551-best
314,avsolatorio/00-400-10-1-0-1-0-0-cls-normed-768-512_GIST_BAAI_bge-base-en-v1.5-20240130184711-latest
315,avsolatorio/01-100-11-1-2-2-0-0-cls-normed-384-512_GIST_BAAI_bge-small-en-v1.5-20240202154404-best
316,avsolatorio/MixEmbedFinetune-base-20240125001833-best
317,avsolatorio/MixEmbedFinetune-base-20240123004625-best
318,avsolatorio/MixEmbedFinetune-base-20240123115509-best
319,avsolatorio/01-000-11-0-0-1-0-0_GIST_BAAI_bge-small-en-v1.5-20240126215547-best
320,avsolatorio/MixEmbedFinetune-base-20240122220746-latest
321,avsolatorio/40-100-11-1-2-2-0-0-mean-normed-384-512_GIST_TaylorAI_gte-tiny-20240201182729-best
322,avsolatorio/MixEmbedFinetune-base-20240122154850-best
323,avsolatorio/40-100-11-1-2-2-0-0-mean-normed-384-512_GIST_TaylorAI_gte-tiny-20240201161823-best
324,avsolatorio/00-000-11-1-0-1-0-0-mean-normed-768-512_GIST_BAAI_bge-base-en-v1.5-20240128084618-best
325,avsolatorio/01-100-11-1-2-2-0-0-cls-normed-384-512_GIST_BAAI_bge-small-en-v1.5-20240208121054-best
326,avsolatorio/MixEmbedFinetune-base-20240122145230-best
327,avsolatorio/01-100-10-1-2-2-0-0-cls-normed-384-512_GIST_BAAI_bge-small-en-v1.5-20240204044729-best
328,avsolatorio/MixEmbedFinetune-base-20240123213810-best
329,avsolatorio/00-000-11-1-0-1-0-0-mean-normed-768-512_GIST_BAAI_bge-base-en-v1.5-20240128084618-latest
330,avsolatorio/MixEmbedFinetune-base-20240122235004-best
331,avsolatorio/AVES_BAAI_bge-base-en-v1.5-20240126151540-best
332,avsolatorio/AVES_BAAI_bge-base-en-v1.5-20240125233651-best
333,avsolatorio/MixEmbedFinetune-base-20240125001833-latest
334,avsolatorio/AVES_BAAI_bge-base-en-v1.5-20240125221415-latest
335,avsolatorio/40-100-11-1-2-2-0-0-mean-normed-384-512_GIST_TaylorAI_gte-tiny-20240201161823-latest
336,avsolatorio/AVES_BAAI_bge-base-en-v1.5-20240125233651-latest
337,avsolatorio/01-100-31-1-2-2-0-0-cls-normed-384-512_GIST_BAAI_bge-small-en-v1.5-20240207015601-best
338,avsolatorio/00-400-10-1-0-1-0-0-cls-normed-768-512_GIST_BAAI_bge-base-en-v1.5-20240130201355-best
339,avsolatorio/01-100-31-1-2-2-0-0-cls-normed-384-512_GIST_BAAI_bge-small-en-v1.5-20240207015601-latest
340,Mihaiii/Squirtle
341,avsolatorio/AVES_BAAI_bge-base-en-v1.5-20240125211517-best
342,avsolatorio/MixEmbedFinetune-base-20240123004641-best
343,avsolatorio/MixEmbedFinetune-base-20240123173844-best
344,avsolatorio/00-400-10-1-0-1-0-0-cls-normed-768-512_GIST_BAAI_bge-base-en-v1.5-20240130210931-best
345,avsolatorio/00-400-10-1-0-1-0-0-cls-normed-768-512_GIST_BAAI_bge-base-en-v1.5-20240130184711-best
346,avsolatorio/00-400-10-1-0-1-0-0-cls-normed-768-512_GIST_BAAI_bge-base-en-v1.5-20240130210931-latest
347,mgoin/all-MiniLM-L6-v2-ds
348,avsolatorio/01-000-10-1-0-1-0-0-u_GIST_BAAI_bge-small-en-v1.5-20240126235053-best
349,avsolatorio/01-100-11-1-2-2-0-0-cls-normed-384-512_GIST_BAAI_bge-small-en-v1.5-20240209145252-best
350,avsolatorio/01-100-11-1-2-2-0-0-cls-normed-384-512_GIST_BAAI_bge-small-en-v1.5-20240202160129-best
351,avsolatorio/00-400-10-1-0-1-0-0-cls-normed-768-512_GIST_BAAI_bge-base-en-v1.5-20240130211808-best
352,avsolatorio/01-100-11-1-2-2-0-0-cls-normed-384-512_GIST_BAAI_bge-small-en-v1.5-20240216212814-best
353,avsolatorio/01-100-31-1-2-2-0-0-cls-normed-384-512_GIST_BAAI_bge-small-en-v1.5-20240207031328-best
354,avsolatorio/00-400-11-1-0-1-0-0-cls-normed-768-512_GIST_BAAI_bge-base-en-v1.5-20240130201404-best
355,avsolatorio/00-000-11-1-0-1-0-0-cls-normed-1024-512_GIST_BAAI_bge-base-en-v1.5-20240128091053-best
356,avsolatorio/01-100-11-1-2-2-0-0-cls-normed-384-512_GIST_BAAI_bge-small-en-v1.5-20240202154404-latest
357,avsolatorio/00-400-10-1-0-1-0-0-cls-normed-768-512_GIST_BAAI_bge-base-en-v1.5-20240130211808-latest
358,avsolatorio/00-100-11-1-0-1-0-0-cls-normed-768-512-hard_GIST_BAAI_bge-base-en-v1.5-20240128213417-best
359,avsolatorio/01-100-11-1-2-2-0-0-cls-normed-384-512_GIST_BAAI_bge-small-en-v1.5-20240210215734-best
360,avsolatorio/01-100-11-2-2-2-0-0-cls-normed-384-512_GIST_BAAI_bge-small-en-v1.5-20240214001106-best
361,Mihaiii/Wartortle
362,avsolatorio/00-600-11-1-2-2-0-0-cls-normed-768-512_GIST_BAAI_bge-base-en-v1.5-20240221194439-best
363,avsolatorio/01-500-11-1-2-2-0-0-cls-normed-384-512_GIST_BAAI_bge-small-en-v1.5-20240217184109-best
364,avsolatorio/01-600-11-1-2-2-0-0-cls-qli_6-normed-384-512_ASYM_BAAI_bge-small-en-v1.5-20240417105647-best
365,avsolatorio/01-600-11-1-2-2-0-0-cls-normed-384-512_GIST_BAAI_bge-small-en-v1.5-20240221220048-best
366,avsolatorio/01-600-11-1-2-2-0-0-cls-normed-384-512_GIST_BAAI_bge-small-en-v1.5-20240221220048-latest
367,w601sxs/b1ade-embed-kd
368,avsolatorio/01-600-11-1-4-2-0-0-cls-qli_0-normed-384-512_ASYM_BAAI_bge-small-en-v1.5-20240424004605-best
369,avsolatorio/01-600-11-1-2-2-0-0-cls-normed-384-512_ASYM_BAAI_bge-small-en-v1.5-20240412205533-best
370,avsolatorio/01-600-11-1-2-2-0-0-cls-normed-384-512_ASYM_BAAI_bge-small-en-v1.5-20240412205533-latest
371,avsolatorio/00-600-11-1-2-2-0-0-cls-normed-768-512_GIST_BAAI_bge-base-en-v1.5-20240221181530-best
372,avsolatorio/01-600-11-1-3-2-0-0-cls-qli_0-normed-384-512_ASYM_BAAI_bge-small-en-v1.5-20240423213707-best
373,avsolatorio/01-600-11-1-3-2-0-0-cls-qli_0-normed-384-512_ASYM_BAAI_bge-small-en-v1.5-20240424001745-best
374,avsolatorio/01-600-11-1-3-2-0-0-cls-qli_0-normed-384-512_ASYM_BAAI_bge-small-en-v1.5-20240424001745-latest
375,avsolatorio/01-600-11-1-2-2-0-0-cls-normed-384-512_ASYM_BAAI_bge-small-en-v1.5-20240415163943-best
376,Mihaiii/test25
377,avsolatorio/01-600-11-1-3-2-0-0-cls-qli_0-normed-384-512_ASYM_BAAI_bge-small-en-v1.5-20240423213707-latest
378,avsolatorio/01-600-11-1-4-2-0-0-cls-qli_0-normed-384-512_ASYM_BAAI_bge-small-en-v1.5-20240424004605-latest
379,avsolatorio/01-600-11-1-2-2-0-0-cls-qli_6-normed-384-512_ASYM_BAAI_bge-small-en-v1.5-20240417105647-latest
380,Mihaiii/test24
381,liddlefish/privacy_embedding_rag_10k_base_15_final
382,avsolatorio/01-600-11-1-2-2-0-0-cls-qli_0-normed-384-512_ASYM_BAAI_bge-small-en-v1.5-20240416141927-latest
383,Mihaiii/gte-micro
384,Mihaiii/gte-micro-v4
385,avsolatorio/60-600-13-1-4-2-0-0-384-512-cm_NOI_avsolatorio_GIST-all-MiniLM-L6-v2-20240511173541-latest
386,avsolatorio/01-600-11-1-2-2-0-0-cls-qli_0-normed-384-512_ASYM_BAAI_bge-small-en-v1.5-20240416141927-best
387,avsolatorio/60-600-13-1-4-2-0-0-384-512-cm_NOI_avsolatorio_GIST-all-MiniLM-L6-v2-20240511173541-best
388,avsolatorio/60-600-13-1-4-2-0-0-384-512-cm_NOI_avsolatorio_GIST-all-MiniLM-L6-v2-20240511003225-best
389,w601sxs/b1ade-embed-kd_3
390,Mihaiii/gte-micro-v3
391,Mihaiii/gte-micro-v2
392,technicolor/Angle_BERT
393,mlx-community/bge-small-en-v1.5-8bit
394,katanemo/bge-large-en-v1.5
395,avsolatorio/00-600-11-1-5.5-2-0-0-768-512-cm_NOI_BAAI_bge-base-en-v1.5-20240704034006-latest
396,avsolatorio/00-600-11-1-6-2-0-0-768-512-cm_NOI_BAAI_bge-base-en-v1.5-20240704035539-best
397,avsolatorio/00-600-11-1-5.5-2-0-0-768-512-cm_NOI_BAAI_bge-base-en-v1.5-20240704034006-best
398,avsolatorio/00-600-11-1-4-2-0-0-768-512-cm_NOI_BAAI_bge-base-en-v1.5-20240710071110-latest
399,avsolatorio/00-600-11-1-6-2-0-0-768-512-cm_NOI_BAAI_bge-base-en-v1.5-20240704035539-latest
400,avsolatorio/00-600-11-1-4-2-0-0-768-512-cm_NOI_BAAI_bge-base-en-v1.5-20240710071110-best
401,minishlab/M2V_base_glove
402,minishlab/M2V_base_glove_subword
403,Haon-Chen/speed-embedding-7b-instruct
404,mlx-community/snowflake-arctic-embed-l-v2.0-bf16
405,vectoriseai/bge-small-en-v1.5
406,yibinlei/LENS-d8000
407,yibinlei/LENS-d4000
408,BASF-AI/nomic-embed-text-v1.5
409,rounit786757/e5-large-v2
410,mlx-community/snowflake-arctic-embed-l-v2.0-4bit
411,mlx-community/bge-small-en-v1.5-6bit
412,bhavnicksm/brown-beetle-tiny-v1
413,bhavnicksm/brown-beetle-tiny-v1.1
414,bhavnicksm/brown-beetle-base-v1
415,willalexm/potion-base-8M-stf
416,bhavnicksm/brown-beetle-small-v1
417,bhavnicksm/red-beetle-base-v1.1
418,Teradata/gte-base-en-v1.5
419,aajonaa/bge-small-en-v1.5
420,nitsuai/bge-large-en-v1.5
421,gety-ai/granite-embedding-107m-multilingual-onnx
422,Teradata/jina-embeddings-v2-base-en
423,Teradata/bge-small-en-v1.5
424,Teradata/bge-base-en-v1.5
425,Teradata/jina-embeddings-v2-small-en
426,Abhikhade/stella_en_400M_v5_aquabotica
427,Teradata/bge-large-en-v1.5
428,bhavnicksm/brown-fairy-base-v0
429,mlx-community/snowflake-arctic-embed-l-v2.0-6bit
430,SmartComponents/bge-micro-v2
431,PatrickHaller/snowflake-arctic-embed-m-v2.0
432,aynetdia/snowflake-arctic-embed-m-v2.0
433,terran-tech-ai/gte-small-s2orc-1mx
434,tvergho/logos-retriever-v1
435,unsloth/snowflake-arctic-embed-l-v2.0
436,inesaltemir/MNLP_M2_document_encoder
437,MagicalAlchemist/granite-embedding-107m-id-en-v6.2
438,Marqo/dunzhang-stella_en_400M_v5
439,krytonguard/stella_en_1.5B_v5
440,jiwonyou0420/MNLP_M2_document_encoder
441,flaviawallen/MNLP_M2_document_encoder
442,ashercn97/SFR-Embedding-2_R-bnb-4bit
443,mchambrec/embedding-model
444,nililba/MNLP_M3_document_encoder
445,MidnightPhreaker/nomic-embed-text-v1.5
446,Youssefbou62/MNLP_M2_document_encoder
447,Ruthvikkk/MNLP_M2_document_encoder
448,Jenjamin3000/MNLP_M2_document_encoder
449,borgcollectivegmbh/testing-jina-stuff
450,terran-tech-ai/gte-small-s2orc-1m
451,ashercn97/Linq-Embed-Mistral-bnb-4bit
452,hyperalpha/transferzai-bge
453,emilecornamusaz/MNLP_M2_document_encoder
454,SethBurkart/potion-base-8m
455,badmadrad/granite-embedding-125m-english-mlx
456,sucharush/gte_hard
457,Surbhipatil/gte-small
458,julpiro/MNLP_M3_document_encoder
459,Oussama1209/MNLP_M3_document_encoder
460,emilecornamusaz/MNLP_M3_document_encoder
461,raphassaraf/MNLP_M2_document_encoder
462,Alexhuou/MNLP_M2_document_encoder
463,viols/MNLP_M3_document_encoder
464,igzi/MNLP_M2_document_encoder
465,ramprasad571/U4_MH2_RAM
466,emiliensilly/MNLP_M3_document_encoder
467,imaneb942/MNLP_M2_document_encoder
468,biggunnyso4/stella_en_400M_v5_cpu
469,MusYW/MNLP_M3_document_encoder
470,Mass-14/MNLP_M3_document_encoder
471,adamezzaim/MNLP_M3_document_encoder
472,chakatoptisol/nomic-embed-text-for-asset-management
473,mitanshu-reckonsys/mxbai-embed-large-v1
474,igzi/MNLP_M3_document_encoder
475,Stergios-Konstantinidis/MNLP_M3_tokenizer
476,pmdlt/MNLP_M3_document_encoder
477,Ruthvikkk/MNLP_M3_document_encoder
478,sucharush/e5_stem_finetuned
479,Alexhuou/MNLP_M3_document_encoder
480,yodayo-ai/jina-embeddings-v2-small-en-st
481,matyaydin/MNLP_M2_document_encoder
482,Kapturz0ny/wiki-retriver
483,arnaultsta/MNLP_M3_document_encoder
484,anlanwang925/MNLP_M3_document_encoder_test5
485,adriencleme/MNLP_M2_document_encoder
486,arnaultsta/MNLP_M2_document_encoder
487,novelcore/model15
488,adriencleme/MNLP_M3_document_encoder
489,michaelfeil/ct2fast-e5-small-v2
490,matyaydin/MNLP_M3_document_encoder
491,Yunziyou/mxbai-embed-large-v1
492,novelcore/model13
493,FuturoEdu/embed
494,williammasdon/snowflake-arctic-embed-m-v2
495,MidnightPhreaker/nomic-embed-text-v1.5-onnx
496,Youssefbou62/test_encoder
497,nskeatts/bge-large-en-v1.5-openvino-8bit
498,OmarIDK/MNLP_M3_document_encoder
499,novelcore/model17
500,madmaxldg/test-bge-small-en-v1.5
501,dansporici/NoInstruct-small-Embedding-v0-doc-cls
502,arthurxx0101/snowflake-arctic-embed-l-v2.0
503,siliconblade/nomic-embed-text-v1.5
504,SRA25/e5basev2
505,Aksml123/snowflake-arctic-embed-l-v2.0
506,dansporici/NoInstruct-small-Embedding-v0-query-mean
507,novelcore/model16
508,AlisherAmirbek/fine-tuned-bge-small
509,MidnightPhreaker/Text_Embedder-ONNX-INT8
510,beaupi/nomic-embed-text-v1.5-oQ8
511,yjoonjang/e5-large-sparseq
512,beaupi/nomic-embed-text-v1.5-oQ6
513,Gem-Software/stella-v5.2-boost15
514,Traii/predictindustryforcallcenter
515,NeuralTrustBank/jina-embeddings-v2-base-en
516,Ashokreddy6/CounselAssistant-RetrieverV1
517,test-ksaw/nomic-embed-text-v1
518,Ashokreddy6/CounselAssistantV2-retriever
519,Ashokreddy6/CounselAssistant-Retriever
520,Fuurkan/chatbot-instructor-model
521,mchatton/bge-base-en-v1.5-openvino
522,beaupi/mxbai-embed-large-v1-oQ6
523,kshitijpandey3h/bge-large-agri-fused-8
524,onnx-community/b1ade-embed-kd-ONNX
525,pashaa/bge-base-en-v1.5
526,nightowl521/gte-large-en-v1.5
527,jaluma/mxbai-embed-large-v1
528,Gidigi/gidigi_616da35f_0003
529,Karmukilan/nomic-embed-text-v1
530,gabor-hosu/GritLM-7B-bnb-4bit
531,luciferMorningstarOmega/e5-base-v2
532,beaupi/mxbai-embed-large-v1-oQ8
533,tokiers/M2V_base_glove_subword
534,kiranbeethoju/MedVectors-base-v0.1
535,Long0409/bge-small-en-v1.5
536,Karmukilan/e5-base-v2
537,Amirktk0312/resume-screener-bge-finetuned
538,PrimusPartners/BGE_tuned
539,nilay-sam-23/bge-small-en-v1.5-onnx
540,Karmukilan/e5-small-v2
541,LuckyJason/bge-small-en-v1.5
542,cherishlh/bge-large-en-v1.5
543,KirinWong/bge-large-en-v1.5
544,joelnishanthreddy/clipper-bge-base-en
545,star-moon/bge-small-en-v1.5
546,kshitijpandey3h/bge-large-agri-fused-10
547,JSCreatorPro/offline-cpu-e5-large-v2
548,harsh-cisco/bge-small-en-v1.5
549,JSCreatorPro/offline-cpu-bge-base-en
550,SkyeTeam/stella_en_400m
551,JSCreatorPro/offline-cpu-bge-small-en
552,rafa04/instructor-base
553,kshitijpandey3h/bge-large-agri-fused-5
554,ohnokayden/bge-large-en-v1.5
555,pingkeest/learning2_model
556,kshitijpandey3h/bge-large-agri-fused-2
557,barisaydin/gte-large
558,shubham-bgi/UAE-Large
559,bijaygurung/stella_en_400M_v5
560,barisaydin/gte-base
561,starsy/bge-en-icl
562,OysterHR/gte-base-en-v1.5
563,jburmeister/stella_en_400M_v5
564,davidpeer/gte-small
565,sigridjineth/stella_en_1.5B_v5_sigrid
566,blevlabs/stella_en_v5
567,tomaarsen/mxbai-embed-large-v1-test
568,bennegeek/stella_en_1.5B_v5
569,lgbird/stella_1.5B_custom
570,linhphanff/stella_en_1.5B_v5_clone
571,CAiRE/UniVaR-lambda-5
572,onnx-community/NoInstruct-small-Embedding-v0-ONNX
573,CAiRE/UniVaR-lambda-20
574,delwinn/stella_en_1.5B_v5
575,vectoriseai/gte-base
576,billatsectorflow/stella_en_1.5B_v5
577,CAiRE/UniVaR-lambda-80
578,michaelfeil/ct2fast-e5-large
579,CAiRE/UniVaR-lambda-1
580,recipe/embeddings
581,markaw/NV-Embed-v2
582,compressa-ai/Compressa-Embeddings
583,tomaarsen/bge-base-en-v1.5
584,Narsil/bge-base-en
585,arcdev/SFR-Embedding-Mistral
586,PotatoOff/mxbai-embed-large-safetensors
587,barisaydin/text2vec-base-multilingual
588,Severian/nomic
589,suhaan7988/bge-large-en-v1.5-int8-onnx
590,atian-chapters/Chapters-SFR-Embedding-Mistral
591,ekorman-strive/bge-large-en-v1.5
592,liddlefish/privacy_embedding_rag_10k_base_final
593,rlsChapters/Chapters-SFR-Embedding-Mistral
594,vectoriseai/bge-small-en
595,michaelfeil/ct2fast-e5-large-v2
596,vectoriseai/bge-large-en-v1.5
597,liddlefish/privacy_embedding_rag_10k_base_checkpoint_2
598,liddlefish/privacy_embedding_rag_10k_base_12_final
599,alexlimh/jasper_en_vision_language_v1
600,vectoriseai/e5-base
601,tomaarsen/mxbai-embed-large-v1-exported
602,vectoriseai/bge-base-en-v1.5
603,lightbird-ai/nomic
604,binqiangliu/EmbeddingModlebgelargeENv1.5
605,onnx-community/GIST-all-MiniLM-L6-v2-ONNX
606,hsikchi/dump
607,liddlefish/privacy_embedding_bge_small_synthetic
608,odunola/UAE-Large-VI
609,liddlefish/privacy_embedding_rag_10k_tmp
610,joteqwork/new_gsev0
611,vectoriseai/ember-v1
612,michaelfeil/ct2fast-bge-base-en-v1.5
613,michaelfeil/ct2fast-e5-small
614,liddlefish/privacyembeddingv2_bge_small
615,cgldo/semanticClone
616,michaelfeil/ct2fast-gte-base
617,daemonicai/bge-micro-v2
618,michaelfeil/ct2fast-bge-large-en-v1.5
619,michaelfeil/ct2fast-gte-large
620,TitanML/jina-v2-base-en-embed
621,tomaarsen/bge-small-en-v1.5-copy
622,ggrn/e5-small-v2
623,vectoriseai/e5-base-v2
624,vectoriseai/e5-large
625,retrainai/instructor-xl
626,jamesdborin/jina-v2-base-en-embed
627,weakit-v/bge-base-en-v1.5-onnx
628,Geolumina/instructor-xl
629,dhairya0907/thenlper-get-large
630,barisaydin/bge-large-en
631,vectoriseai/e5-small-v2
632,liddlefish/privacy_embedding_rag
633,Consensus/instructor-base
634,newsrx/instructor-xl-newsrx
635,mixamrepijey/instructor-models
636,Koat/gte-tiny
637,vectoriseai/gte-large
638,odunola/e5-base-v2
639,vectoriseai/e5-large-v2
640,onnx-community/bge-large-en-ONNX
641,newsrx/instructor-large
642,vectoriseai/gte-small
643,barisaydin/gte-small
644,srikanthmalla/hkunlp-instructor-xl
645,t12e/instructor-base
646,michaelfeil/ct2fast-bge-small-en-v1.5
647,fresha/e5-large-v2-endpoint
648,newsrx/instructor-large-newsrx
649,bhavnicksm/brown-beetle-small-v1.1
650,bhavnicksm/brown-beetle-base-v1.1
651,retrieva-jp/amber-base
652,retrieva-jp/amber-large
653,aari1995/German_Semantic_STS_V2
654,Jaume/gemma-2b-embeddings
655,RedHatAI/bge-large-en-v1.5-quant
656,sergabrr/tourrf-e5-large-en-ru-v3-tuned
657,sergabrr/tourrf-e5-large-en-ru-v5-tuned
658,d0rj/e5-large-en-ru
659,ai-forever/ru-en-RoSBERTa
660,ai-forever/FRIDA
661,ViktorZver/FRIDA
662,LeoCristt/hackathon-embedding-model
663,dqubit/FRIDA-F16
664,thunderbasil/ru-en-RoSBERTa
665,Gotoro/FRIDA-onnx
666,TencentBAC/Conan-embedding-v1
667,dunzhang/stella-mrl-large-zh-v3.5-1792d
668,jinaai/jina-embeddings-v2-base-zh
669,thenlper/gte-large-zh
670,infgrad/stella-large-zh-v2
671,thenlper/gte-base-zh
672,thenlper/gte-small-zh
673,infgrad/stella-base-zh-v3-1792d
674,aspire/acge_text_embedding
675,DMetaSoul/Dmeta-embedding-zh
676,iampanda/zpoint_large_embedding_zh
677,malenia1/ternary-weight-embedding
678,dunzhang/stella-large-zh-v3-1792d
679,lier007/xiaobu-embedding-v2
680,IEITYuan/Yuan-embedding-1.0
681,sensenova/piccolo-base-zh
682,infgrad/stella-base-zh-v2
683,Classical/Yinka
684,DMetaSoul/Dmeta-embedding-zh-small
685,lier007/xiaobu-embedding
686,sensenova/piccolo-large-zh
687,infgrad/stella-base-zh
688,sensenova/piccolo-large-zh-v2
689,towing/gte-small-zh
690,Amu/tao
691,silverjam/jina-embeddings-v2-base-zh
692,Pristinenlp/alime-embedding-large-zh
693,infgrad/stella-large-zh
694,sentosa/ZNV-Embedding
695,Erin/mist-zh
696,andrewstone/tao-8k
697,liujiarik/lim_base_zh
698,Lucky94629/gte-small-zh-onnx
699,zihaojing/piccolo-large-zh-v2
700,Lucky94629/piccolo-base-zh-onnx
701,T3LS/stella-mrl-large-zh-v3.5-1792d-1024
702,Research2NLP/electrical_stella
703,shanghung/stella-base-zh-v3-1792d
704,arkohut/jina-embeddings-v2-base-zh
705,karsar/gte-multilingual-base-hu
706,karsar/paraphrase-multilingual-MiniLM-L12-hu_v1
707,karsar/paraphrase-multilingual-MiniLM-L12-hu-v2
708,sdadas/mmlw-roberta-large
709,OrdalieTech/Solon-embeddings-large-0.1
710,sdadas/mmlw-roberta-base
711,sdadas/mmlw-e5-large
712,sdadas/mmlw-e5-base
713,sdadas/mmlw-e5-small
714,manu/sentence_croissant_alpha_v0.1
715,ILKT/2024-06-19_08-22-22
716,ILKT/2024-06-19_21-12-17
717,ILKT/2024-06-19_22-23-38
718,ILKT/2024-06-19_10-03-38
719,ILKT/2024-06-15_10-09-42
720,ILKT/2024-06-17_21-37-12
721,lbourdoispro/Solon-embeddings-large-0.1
722,ILKT/2024-06-19_22-27-15
723,ILKT/2024-06-24_22-31-18_epoch_11
724,ILKT/2024-06-24_22-31-18_epoch_28
725,ILKT/2024-06-24_22-31-18_epoch_30
726,ILKT/2024-06-24_22-31-28_epoch_40
727,ILKT/2024-06-24_22-31-28_epoch_2
728,ILKT/2024-06-24_22-31-28_epoch_32
729,ILKT/2024-06-24_22-31-18_epoch_7
730,ILKT/2024-06-24_22-31-18_epoch_10
731,ILKT/2024-06-24_00-11-56_epoch_7
732,ILKT/2024-06-24_22-31-18_epoch_6
733,ILKT/2024-06-24_22-31-28_epoch_3
734,ILKT/2024-06-24_22-31-18_epoch_50
735,ILKT/2024-06-24_22-31-18_epoch_32
736,ILKT/2024-06-22_12-37-29_epoch_9
737,ILKT/2024-06-24_22-31-18_epoch_2
738,ILKT/2024-06-24_22-31-28_epoch_9
739,ILKT/2024-06-24_22-31-28_epoch_21
740,ILKT/2024-06-24_22-31-18_epoch_64
741,ILKT/2024-06-24_22-31-18_epoch_4
742,ILKT/2024-06-23_09-09-07_epoch_12
743,ILKT/2024-06-24_22-31-28_epoch_22
744,ILKT/2024-06-24_22-31-18_epoch_1
745,ILKT/2024-06-24_22-31-18_epoch_40
746,ILKT/2024-06-24_22-31-18_epoch_31
747,ILKT/2024-06-23_09-09-07_epoch_9
748,ILKT/2024-06-24_00-11-56_epoch_5
749,ILKT/2024-06-24_22-31-18_epoch_55
750,ILKT/2024-06-24_22-31-18_epoch_42
751,ILKT/2024-06-24_22-31-28_epoch_55
752,ILKT/2024-06-24_22-31-28_epoch_62
753,ILKT/2024-06-24_22-31-28_epoch_47
754,ILKT/2024-06-24_22-31-28_epoch_6
755,ILKT/2024-06-24_22-31-28_epoch_1
756,ILKT/2024-06-24_22-31-28_epoch_10
757,ILKT/2024-06-24_22-31-28_epoch_30
758,ILKT/2024-06-24_22-31-18_epoch_51
759,ILKT/2024-06-24_22-31-18_epoch_66
760,ILKT/2024-06-24_22-31-18_epoch_8
761,ILKT/2024-06-24_22-31-18_epoch_18
762,ILKT/2024-06-24_22-31-18_epoch_29
763,ILKT/2024-06-24_22-31-28_epoch_20
764,ILKT/2024-06-23_09-09-07_epoch_3
765,ILKT/2024-06-22_12-37-29_epoch_10
766,ILKT/2024-06-24_22-31-18_epoch_35
767,ILKT/2024-06-24_22-31-18_epoch_3
768,ILKT/2024-06-24_22-31-18_epoch_41
769,ILKT/2024-06-23_09-09-07_epoch_11
770,ILKT/2024-06-24_22-31-18_epoch_65
771,ILKT/2024-06-24_22-31-28_epoch_5
772,ILKT/2024-06-24_22-31-18_epoch_26
773,ILKT/2024-06-24_22-31-28_epoch_46
774,ILKT/2024-06-24_22-31-28_epoch_60
775,ILKT/2024-06-24_22-31-28_epoch_23
776,ILKT/2024-06-23_09-09-07_epoch_1
777,ILKT/2024-06-24_22-31-28_epoch_41
778,ILKT/2024-06-24_22-31-28_epoch_19
779,ILKT/2024-06-24_22-31-28_epoch_12
780,ILKT/2024-06-24_00-11-56_epoch_1
781,ILKT/2024-06-24_22-31-18_epoch_68
782,ILKT/2024-06-23_09-09-07_epoch_4
783,ILKT/2024-06-24_22-31-28_epoch_25
784,ILKT/2024-06-24_22-31-18_epoch_22
785,ILKT/2024-06-24_22-31-18_epoch_46
786,ILKT/2024-06-24_22-31-18_epoch_5
787,ILKT/2024-06-24_22-31-28_epoch_58
788,ILKT/2024-06-24_22-31-28_epoch_4
789,ILKT/2024-06-24_22-31-28_epoch_16
790,ILKT/2024-06-24_22-31-28_epoch_24
791,ILKT/2024-06-24_00-11-56_epoch_3
792,ILKT/2024-06-24_22-31-28_epoch_65
793,ILKT/2024-06-24_22-31-28_epoch_37
794,ILKT/2024-06-24_22-31-28_epoch_33
795,ILKT/2024-06-24_22-31-18_epoch_23
796,ILKT/2024-06-24_22-31-28_epoch_66
797,ILKT/2024-06-24_22-31-28_epoch_14
798,ILKT/2024-06-23_09-09-07_epoch_10
799,ILKT/2024-06-24_22-31-28_epoch_39
800,ILKT/2024-06-23_09-09-07_epoch_13
801,ILKT/2024-06-24_22-31-28_epoch_18
802,ILKT/2024-06-24_22-31-18_epoch_21
803,ILKT/2024-06-24_22-31-28_epoch_8
804,ILKT/2024-06-23_09-09-07_epoch_6
805,ILKT/2024-06-24_22-31-18_epoch_19
806,ILKT/2024-06-24_22-31-28_epoch_68
807,ILKT/2024-06-23_09-09-07_epoch_2
808,ILKT/2024-06-24_22-31-28_epoch_48
809,ILKT/2024-06-24_22-31-28_epoch_31
810,ILKT/2024-06-24_22-31-28_epoch_51
811,ILKT/2024-06-24_22-31-28_epoch_17
812,ILKT/2024-06-22_12-37-29_epoch_12
813,ILKT/2024-06-22_12-37-29_epoch_6
814,ILKT/2024-06-24_22-31-18_epoch_62
815,ILKT/2024-06-24_22-31-18_epoch_56
816,ILKT/2024-06-24_22-31-28_epoch_73
817,ILKT/2024-06-24_22-31-28_epoch_27
818,ILKT/2024-06-22_12-37-29_epoch_5
819,ILKT/2024-06-22_12-37-29_epoch_8
820,ILKT/2024-06-23_09-09-07_epoch_5
821,ILKT/2024-06-24_22-31-18_epoch_36
822,ILKT/2024-06-24_22-31-28_epoch_70
823,ILKT/2024-06-24_22-31-28_epoch_7
824,ILKT/2024-06-22_12-37-29_epoch_13
825,ILKT/2024-06-24_22-31-28_epoch_59
826,ILKT/2024-06-24_22-31-28_epoch_13
827,ILKT/2024-06-24_22-31-28_epoch_11
828,ILKT/2024-06-22_12-37-29_epoch_7
829,ILKT/2024-06-24_22-31-28_epoch_50
830,ILKT/2024-06-24_22-31-18_epoch_38
831,ILKT/2024-06-24_22-31-18_epoch_39
832,ILKT/2024-06-24_22-31-18_epoch_27
833,ILKT/2024-06-24_22-31-18_epoch_48
834,ILKT/2024-06-24_22-31-18_epoch_17
835,ILKT/2024-06-24_22-31-18_epoch_15
836,ILKT/2024-06-24_22-31-28_epoch_63
837,ILKT/2024-06-24_22-31-28_epoch_29
838,ILKT/2024-06-24_22-31-28_epoch_69
839,ILKT/2024-06-24_22-31-18_epoch_44
840,ILKT/2024-06-24_22-31-28_epoch_42
841,ILKT/2024-06-24_22-31-28_epoch_52
842,ILKT/2024-06-24_00-11-56_epoch_6
843,ILKT/2024-06-24_22-31-28_epoch_35
844,ILKT/2024-06-24_22-31-18_epoch_20
845,ILKT/2024-06-23_09-09-07_epoch_7
846,ILKT/2024-06-24_22-31-28_epoch_43
847,ILKT/2024-06-22_12-37-29_epoch_11
848,ILKT/2024-06-24_22-31-18_epoch_58
849,ILKT/2024-06-24_22-31-18_epoch_14
850,ILKT/2024-06-23_09-09-07_epoch_8
851,ILKT/2024-06-24_22-31-28_epoch_74
852,ILKT/2024-06-24_22-31-18_epoch_34
853,ILKT/2024-06-24_22-31-28_epoch_44
854,ILKT/2024-06-24_22-31-28_epoch_71
855,ILKT/2024-06-24_22-31-28_epoch_61
856,ILKT/2024-06-24_22-31-18_epoch_74
857,ILKT/2024-06-24_22-31-28_epoch_36
858,ILKT/2024-06-24_22-31-18_epoch_71
859,ILKT/2024-06-24_22-31-18_epoch_63
860,ILKT/2024-06-24_22-31-28_epoch_15
861,ILKT/2024-06-24_22-31-18_epoch_9
862,ILKT/2024-06-24_22-31-18_epoch_25
863,ILKT/2024-06-24_00-11-56_epoch_4
864,ILKT/2024-06-22_12-37-29_epoch_1
865,ILKT/2024-06-24_22-31-28_epoch_64
866,ILKT/2024-06-22_12-37-29_epoch_3
867,ILKT/2024-06-24_22-31-28_epoch_34
868,ILKT/2024-06-24_00-11-56_epoch_2
869,ILKT/2024-06-24_22-31-18_epoch_57
870,ILKT/2024-06-24_22-31-18_epoch_67
871,ILKT/2024-06-24_22-31-18_epoch_33
872,ILKT/2024-06-24_22-31-18_epoch_60
873,ILKT/2024-06-24_22-31-18_epoch_59
874,ILKT/2024-06-24_22-31-18_epoch_16
875,ILKT/2024-06-24_22-31-18_epoch_52
876,ILKT/2024-06-24_22-31-18_epoch_43
877,ILKT/2024-06-24_22-31-18_epoch_53
878,ILKT/2024-06-24_22-31-18_epoch_69
879,ILKT/2024-06-24_22-31-18_epoch_70
880,ILKT/2024-06-24_22-31-18_epoch_45
881,ILKT/2024-06-24_22-31-28_epoch_72
882,ILKT/2024-06-24_22-31-18_epoch_24
883,ILKT/2024-06-24_22-31-18_epoch_72
884,ILKT/2024-06-24_22-31-18_epoch_73
885,ILKT/2024-06-24_22-31-28_epoch_53
886,ILKT/2024-06-22_12-37-29_epoch_14
887,ILKT/2024-06-24_22-31-18_epoch_12
888,ILKT/2024-06-24_22-31-28_epoch_26
889,ILKT/2024-06-24_22-31-28_epoch_28
890,ILKT/2024-06-22_12-37-29_epoch_2
891,ILKT/2024-06-24_22-31-28_epoch_56
892,ILKT/2024-06-24_22-31-18_epoch_75
893,ILKT/2024-06-24_22-31-28_epoch_45
894,ILKT/2024-06-24_22-31-28_epoch_49
895,ILKT/2024-06-24_22-31-18_epoch_61
896,ILKT/2024-06-24_22-31-18_epoch_13
897,ILKT/2024-06-24_22-31-28_epoch_57
898,ILKT/2024-06-24_22-31-28_epoch_54
899,ILKT/2024-06-24_22-31-28_epoch_38
900,ILKT/2024-06-24_22-31-18_epoch_49
901,ILKT/2024-06-24_22-31-18_epoch_47
902,ILKT/2024-06-24_22-31-18_epoch_37
903,ILKT/2024-06-24_22-31-18_epoch_54
904,ILKT/2024-06-22_12-37-29_epoch_15
905,ILKT/2024-06-24_22-31-28_epoch_67
906,ILKT/2024-06-22_12-37-29_epoch_4
907,dangvantuan/french-document-embedding
908,manu/bge-fr-en
909,manu/sentence_croissant_alpha_v0.4
910,manu/sentence_croissant_alpha_v0.3
911,manu/sentence_croissant_alpha_v0.2
912,AdrienB134/llm2vec-croissant-mntp
913,Lajavaness/bilingual-document-embedding
914,yco/bilingual-embedding-base
915,yco/bilingual-embedding-base-onnx
916,bigscience-data/sgpt-bloom-1b7-nli
917,nickprock/mmarco-bert-base-italian-uncased
918,silma-ai/silma-embedding-matryoshka-v0.1
919,silma-ai/silma-embedding-sts-v0.1
920,nickprock/mmarco-sentence-flare-it
921,nickprock/stsbm-sentence-flare-it
922,fabriceyhc/bert-base-uncased-amazon_polarity
923,axiotic/ogma-base
924,axiotic/ogma-small
925,Etelis/amazonPolarity_roBERTa_5E
926,axiotic/ogma-micro
927,axiotic/ogma-mini
928,Etelis/amazonPolarity_XLNET_5E
929,Etelis/amazonPolarity_DistilBERT_5E
930,Etelis/amazonPolarity_ALBERT_5E
931,Etelis/amazonPolarity_ELECTRA_5E
932,dumyy/sft-bge-small
933,mukaj/fin-mpnet-base
934,philschmid/distilbert-base-multilingual-cased-sentiment
935,andrescastro-itm/khipu-finetuned-amazon_reviews_multi
936,milyiyo/electra-base-gen-finetuned-amazon-review
937,csalamea/roberta-base-bne-finetuned-amazon_reviews_multi
938,milyiyo/distilbert-base-uncased-finetuned-amazon-review
939,milyiyo/electra-small-finetuned-amazon-review
940,mrm8488/electricidad-small-finetuned-amazon-review-classification
941,santiviquez/amazon-reviews-finetuning-distilbert-base-uncased
942,JoelVIU/roberta-base-bne-jou-amazon_reviews_multi
943,dmjimenezbravo/electra-small-discriminator-text-classification-en-finetuned-amazon_reviews_multi-en
944,gcapde/gcapde-finetuned-amazon_reviews_multi
945,rscales/nli-roberta-base-finetuned-for-amazon-review-ratings
946,santiviquez/amazon_reviews_finetuning-sentiment-model-3000-samples
947,milyiyo/multi-minilm-finetuned-amazon-review
948,milyiyo/selectra-small-finetuned-amazon-review
949,polodealvarado/distilbert-review_classification
950,Jhandry/roberta-base-bne-finetuned-amazon_practica
951,oskrmiguel/roberta-base-bne-clasificacion-de-texto-supervisado
952,santiviquez/amazon-reviews-sentiment-distilbert-base-uncased-6000-samples
953,axiotic/ogma-large
954,Jechto/e5-dansk-test-0.1
955,MoritzLaurer/DeBERTa-v3-base-mnli-fever-anli
956,kamalchaurasia-iitj/mlops-anli-classifier-roberta
957,Orange/orange-nomic-v1.5-1536
958,optimum/distilbert-base-uncased-finetuned-banking77
959,philschmid/DistilBERT-Banking77
960,philschmid/BERT-Banking77
961,sukhrobnurali/modernbert-base-banking77
962,Y-Research-Group/CSR-NV_Embed_v2-Classification-Banking77
963,nickprock/distilbert-base-uncased-banking77-classification
964,YUCHUL/bert-base-enth77-banking-pt2
965,ngeg2015/bert-base-banking77-pt2
966,happytree09/distilbert-base-banking77-pt2
967,pedroplanel/bert-base-banking77
968,hyeonddu/11
969,nickprock/xlm-roberta-base-banking77-classification
970,kennethge123/bigbench_entailedpolarity-t5-base
971,kennethge123/entailed_after_rte-gpt2
972,kennethge123/bigbench_entailedpolarity-gpt2
973,kennethge123/entailed_after_rte-t5-base
974,weathermanj/Menda-3B-250
975,weathermanj/Menda-3b-Optim-200
976,nfliu/deberta-v3-large_boolq
977,nfliu/MiniLMv2-L6-H768-distilled-from-RoBERTa-Large_boolq
978,zhou-xl/bi-cse
979,jinwoo1126/distlbert-base-uncased-finetuned-clinc
980,mariatveen/distilbert-base-uncased-finetuned-clinc
981,transformersbook/distilbert-base-uncased-distilled-clinc
982,ysige/ditilbert-base-uncased-finetuned-clinc
983,jsh0551/distillbert-base-uncased-finetuned-clinc
984,dhruvil237/userutterance_classification_ver1
985,optimum/neuron-MiniLMv2-L12-H384-distilled-finetuned-clinc
986,davidaponte/kd-distilBERT-clinc
987,optimum/MiniLMv2-L12-H384-finetuned-clinc
988,optimum/roberta-large-finetuned-clinc
989,philschmid/MiniLMv2-L12-H384-distilled-finetuned-clinc
990,roscoyoon/distilbert-base-uncased-finetuned
991,dslim/bert-base-NER
992,dslim/bert-large-NER
993,elastic/distilbert-base-uncased-finetuned-conll03-english
994,philschmid/distilroberta-base-ner-conll2003
995,gagan3012/bert-tiny-finetuned-ner
996,elastic/distilbert-base-cased-finetuned-conll03-english
997,geckos/deberta-base-fine-tuned-ner
998,tomaarsen/span-marker-bert-tiny-conll03
999,Gladiator/roberta-large_ner_conll2003
1000,Gladiator/microsoft-deberta-v3-large_ner_conll2003
1001,IsmaelMousa/modernbert-ner-conll2003
1002,lunesco/bert-german-ner
1003,huggingface-course/bert-finetuned-ner
1004,ArBert/albert-base-v2-finetuned-ner
1005,joe-xhedi/ModernBERT-NER
1006,kamalkraj/bert-base-cased-ner-conll2003
1007,issifuamajeed/distilbert-base-uncased-finetuned-ner
1008,onnx-community/bert-base-NER-ONNX
1009,Jorgeutd/bert-large-uncased-finetuned-ner
1010,protectai/bert-large-NER-onnx
1011,lambdavi/span-marker-luke-base-conll2003
1012,JakubbBlaszczykk/bert-base-cased-conll2003-ner
1013,ArBert/roberta-base-finetuned-ner-kmeans
1014,jordyvl/bert-base-cased_conll2003-sm-first-ner
1015,cahya/NusaBert-ner
1016,onnx-community/modernbert-ner-conll2003-ONNX
1017,bhadauriaupendra062/span-marker-roberta-base-conll03
1018,HYM/test_ner-finetuned-ner
1019,autoevaluate/entity-extraction
1020,Wende/bert-finetuned-ner1
1021,adel-cybral/TinyBERT-finetuned-NER
1022,ish97/bert-finetuned-chunking
1023,tomaarsen/span-marker-xlm-roberta-large-conll03
1024,sanketrai/modernbert-base-conll2003-english-ner
1025,Ikram11/bert-finetuned-ner4
1026,gkteco/bert-fineturned-ner
1027,mariolinml/roberta_large-unbalanced_simple-ner-conll2003_0908_v0
1028,tiennguyenbnbk/ModernBERT-base-finetuned-pos
1029,Sharpaxis/BERT-NER-CoNLL
1030,Evolett/rubert-tiny2-finetuned-ner
1031,tlapusan/bert-finetuned-ner_tmp
1032,SergioSJ23/ner
1033,Tahsin/BERT-finetuned-conll2003-POS
1034,tomaarsen/span-marker-xlm-roberta-large-conll03-doc-context
1035,worknick/bert-base-cased-finetuned-conll2003
1036,emilys/hmBERT-CoNLL-cp1
1037,Yaxin/xlm-roberta-base-conll2003-ner
1038,yashparalkar0/bert-finetuned-pos
1039,amanpatkar/distilbert-finetuned-ner
1040,jimypbr/test-ner
1041,JohnLei/bert-large-200-ner
1042,bileldh/bert-finetuned-ner_offres
1043,mulinski/bert-finetuned-chunk
1044,ShkalikovOleh/mdeberta-v3-base-conll2003-en
1045,fromthesky/PLDR-LLM-v52-81M-FT-TC-1
1046,vegetable/test
1047,ICT2214Team7/RoBERTa_Test_Training
1048,tony4194/distilBERT-infoExtract
1049,sarahmiller137/distilbert-base-uncased-ft-conll2003
1050,arygx/distilbert-base-uncased-finetuned-pos
1051,DidulaThavisha/distilroberta
1052,vesteinn/XLMR-ENIS-finetuned-ner
1053,baptiste/deberta-finetuned-ner
1054,GustawB/albert-finetuned-ner
1055,fabriceyhc/bert-base-uncased-dbpedia_14
1056,bhadresh-savani/distilbert-base-uncased-emotion
1057,AdamCodd/tinybert-emotion-balanced
1058,bhadresh-savani/bert-base-uncased-emotion
1059,bhadresh-savani/roberta-base-emotion
1060,Toshifumi/bert-base-multilingual-cased-finetuned-emotion
1061,transformersbook/distilbert-base-uncased-finetuned-emotion
1062,linlin336/distilbert-finetuned-emotion
1063,LaelaZ/distilbert-emotion
1064,bhadresh-savani/electra-base-emotion
1065,Mickey-yy/my-emotion-model
1066,Emanuel/bertweet-emotion-base
1067,znmor9365/Twitter_DistilBERT
1068,Toshifumi/distilbert-base-multilingual-cased-finetuned-emotion
1069,Jorgeutd/sagemaker-roberta-base-emotion
1070,Emanuel/twitter-emotion-deberta-v3-base
1071,Luciferio/MiniLLM-finetuned
1072,morenolq/distilbert-base-cased-emotion
1073,maxsagt/distilbert-base-uncased-finetuned-emotions
1074,nickmuchi/minilm-finetuned-emotion_nm
1075,MuntasirHossain/RoBERTa-base-finetuned-emotion
1076,Ioanaaaaaaa/bert-large-uncased-with-preprocess-finetuned-emotion-5-epochs-5e-05-lr
1077,TieIncred/distilbert-base-uncased-finetuned-emotional
1078,guishe/span-marker-generic-ner-v1-fewnerd-fine-super
1079,tomaarsen/span-marker-bert-base-fewnerd-fine-super
1080,tomaarsen/span-marker-bert-tiny-fewnerd-coarse-super
1081,guishe/nuner-v2_fewnerd_fine_super
1082,tomaarsen/span-marker-roberta-large-fewnerd-fine-super
1083,tomaarsen/span-marker-xlm-roberta-base-fewnerd-fine-super
1084,tomaarsen/span-marker-mbert-base-fewnerd-fine-super
1085,guishe/nuner-v1_fewnerd_coarse_super
1086,guishe/nuner-v1_fewnerd_fine_super
1087,guishe/span-marker-bge-base-en-v1.5-fewnerd-fine-super
1088,eek/span-marker-muppet-roberta-large-fewnerd-fine-super
1089,nickmuchi/finbert-tone-finetuned-fintwitter-classification
1090,nickmuchi/distilroberta-finetuned-financial-text-classification
1091,nickmuchi/sec-bert-finetuned-finance-classification
1092,JeremiahZ/bert-base-uncased-mnli
1093,GCopoulos/deberta-finetuned-answer-polarity-5e
1094,pszemraj/electra-small-discriminator-CoLA
1095,abdulmatinomotoso/English_Grammar_Checker
1096,rambodazimi/bert-base-uncased-finetuned-FFT-CoLA
1097,JeremiahZ/roberta-base-cola
1098,muhtasham/bert-tiny-target-cola
1099,mrm8488/deberta-v3-small-finetuned-cola
1100,shokiokita/distilbert-base-uncased-finetuned-cola
1101,gchhablani/bert-base-cased-finetuned-cola
1102,JeremiahZ/bert-base-uncased-cola
1103,Alireza1044/mobilebert_cola
1104,yiiino/deberta-v3-large-cola
1105,anilbayramg/bert-base-uncased-finetuned-cola
1106,PavanNeerudu/t5-base-finetuned-cola
1107,D3xter1922/electra-base-discriminator-finetuned-cola
1108,yiiino/deberta-v3-base-cola
1109,mohammedbriman/distilroberta-base-finetuned-cola
1110,nikuznetsov/roberta-base-finetuned-cola
1111,sciarrilli/distilbert-base-uncased-cola
1112,sgugger/bert-fine-tuned-cola
1113,andeskyl/bert-base-cased-cola
1114,sepehrbakhshi/bert-base-uncased-finetuned-cola_HW2_sepehr_bakhshi_dropout_05_16
1115,younes9/AI-DAY-distilbert-base-uncased-finetuned-cola
1116,mmorr7son/bert-fine-turned-cola
1117,gchhablani/fnet-base-finetuned-cola
1118,gokulsrinivasagan/distilbert_base_lda_train_book_cola
1119,vesteinn/XLMR-ENIS-finetuned-cola
1120,Alireza1044/mobilebert_mnli
1121,SEISHIN/distilbert-base-uncased-finetuned-mnli
1122,nbhimte/tiny-bert-mnli-distilled
1123,PavanNeerudu/t5-base-finetuned-mnli
1124,glamprou/switch-base-8-mnli
1125,Jiva/xlm-roberta-large-it-mnli
1126,gchhablani/bert-base-cased-finetuned-mnli
1127,mrm8488/deberta-v3-small-finetuned-mnli
1128,gokulsrinivasagan/bert_tiny_lda_5_v1_book_mnli
1129,Hartunka/bert_base_rand_10_v2_mnli
1130,gchhablani/fnet-base-finetuned-mnli
1131,PavanNeerudu/gpt2-finetuned-mnli
1132,mrm8488/deberta-v3-large-finetuned-mnli
1133,gokulsrinivasagan/bert_train_book_ent_15p_mid_mnli
1134,gokulsrinivasagan/distilbert_base_lda_mnli
1135,mujeensung/roberta-base_mnli_bc
1136,Intel/bert-base-uncased-mrpc
1137,Alireza1044/mobilebert_mrpc
1138,gchhablani/bert-base-cased-finetuned-mrpc
1139,VitaliiVrublevskyi/albert-base-v2-finetuned-mrpc
1140,Intel/roberta-base-mrpc
1141,Intel/electra-small-discriminator-mrpc
1142,PavanNeerudu/t5-base-finetuned-mrpc
1143,anirudh21/distilbert-base-uncased-finetuned-mrpc
1144,mattchurgin/distilbert-mrpc
1145,Hartunka/tiny_bert_km_50_v2_mrpc
1146,VitaliiVrublevskyi/squeezebert-uncased-finetuned-mrpc
1147,gchhablani/bert-large-cased-finetuned-mrpc
1148,gokuls/distilbert_sa_GLUE_Experiment_data_aug_mrpc_192
1149,PavanNeerudu/gpt2-finetuned-mrpc
1150,edbeeching/test-trainer-to-hub
1151,Intel/camembert-base-mrpc
1152,gokuls/mobilebert_sa_GLUE_Experiment_logit_kd_data_aug_mrpc_128
1153,xysmalobia/sequence_classification
1154,Hartunka/distilbert_rand_5_v2_mrpc
1155,gchhablani/fnet-large-finetuned-mrpc
1156,LysandreJik/testing
1157,gchhablani/fnet-base-finetuned-mrpc
1158,mrm8488/deberta-v3-small-finetuned-mrpc
1159,Intel/bart-large-mrpc
1160,sgugger/glue-mrpc
1161,gokuls/mobilebert_add_GLUE_Experiment_mrpc_128
1162,Intel/xlnet-base-cased-mrpc
1163,junzai/demo
1164,junzai/demotest
1165,ricardotalavera/platzi-distilroberta-base-mrpc-glue-ricardo-talavera
1166,vicl/canine-c-finetuned-mrpc
1167,sgugger/bert-finetuned-mrpc
1168,Alireza1044/mobilebert_QNLI
1169,gchhablani/bert-base-cased-finetuned-qnli
1170,andeskyl/bert-base-cased-qnli
1171,PavanNeerudu/t5-base-finetuned-qnli
1172,anirudh21/albert-base-v2-finetuned-qnli
1173,JeremiahZ/roberta-base-qnli
1174,rambodazimi/deberta-v3-base-finetuned-FFT-QNLI
1175,JeremiahZ/bert-base-uncased-qnli
1176,anirudh21/bert-base-uncased-finetuned-qnli
1177,Hartunka/bert_base_km_20_v1_qnli
1178,gchhablani/fnet-base-finetuned-qnli
1179,Hartunka/bert_base_km_5_v2_qnli
1180,mrm8488/deberta-v3-small-finetuned-qnli
1181,gokulsrinivasagan/distilbert_base_train_qnli
1182,gokuls/mobilebert_add_GLUE_Experiment_logit_kd_qnli
1183,gokuls/mobilebert_sa_GLUE_Experiment_qnli
1184,gchhablani/bert-base-cased-finetuned-qqp
1185,JeremiahZ/roberta-base-qqp
1186,Alireza1044/mobilebert_qqp
1187,PavanNeerudu/t5-base-finetuned-qqp
1188,JeremiahZ/bert-base-uncased-qqp
1189,rajiv003/ernie-finetuned-qqp
1190,gchhablani/fnet-base-finetuned-qqp
1191,0xb1/distilbert-base-uncased-finetuned-qqp
1192,gokulsrinivasagan/distilbert-base-uncased_qqp
1193,gchhablani/fnet-large-finetuned-qqp
1194,gokuls/distilbert_sa_GLUE_Experiment_logit_kd_qqp_256
1195,gokulsrinivasagan/bert_base_train_book_ent_2_inv_qqp
1196,Tomor0720/deberta-base-finetuned-qqp
1197,gokuls/hBERTv1_no_pretrain_qqp
1198,Hartunka/distilbert_km_5_v1_qqp
1199,gokulsrinivasagan/bert_tiny_lda_5_v1_book_qqp
1200,sileod/deberta-v3-base-tasksource-nli
1201,gchhablani/bert-base-cased-finetuned-rte
1202,muhtasham/bert-tiny-finetuned-glue-rte
1203,anirudh21/albert-base-v2-finetuned-rte
1204,PavanNeerudu/t5-base-finetuned-rte
1205,Alireza1044/mobilebert_rte
1206,anirudh21/bert-base-uncased-finetuned-rte
1207,JeremiahZ/bert-base-uncased-rte
1208,muhtasham/bert-small-finetuned-glue-rte
1209,gokulsrinivasagan/bert-base-uncased_rte
1210,gchhablani/fnet-base-finetuned-rte
1211,gchhablani/bert-large-cased-finetuned-rte
1212,gokulsrinivasagan/bert_base_train_book_ent_40p_inv_rte
1213,gokulsrinivasagan/bert_base_train_book_ent_2_inv_rte
1214,Tomor0720/deberta-base-finetuned-rte
1215,PavanNeerudu/gpt2-finetuned-rte
1216,kennethge123/superglue_rte-t5-base
1217,kennethge123/superglue_rte-bert-base-uncased
1218,kennethge123/superglue_rte-gpt2
1219,abhilash88/roberta-sentimentic
1220,distilbert/distilbert-base-uncased-finetuned-sst-2-english
1221,philschmid/tiny-bert-sst2-distilled
1222,Alireza1044/mobilebert_sst2
1223,gchhablani/bert-base-cased-finetuned-sst2
1224,JeremiahZ/roberta-base-sst2
1225,JeremiahZ/bert-base-uncased-sst2
1226,andeskyl/bert-base-cased-sst2
1227,nikitakapitan/distilbert-base-uncased-finetuned-glue_sst2
1228,philschmid/roberta-large-sst2
1229,Intel/distilbert-base-uncased-finetuned-sst-2-english-int8-static-inc
1230,mrm8488/deberta-v3-small-finetuned-sst2
1231,autoevaluate/binary-classification
1232,PavanNeerudu/gpt2-finetuned-sst2
1233,philschmid/bert-mini-sst2-distilled
1234,Tomor0720/deberta-large-finetuned-sst2
1235,Bhumika/roberta-base-finetuned-sst2
1236,gchhablani/fnet-base-finetuned-sst2
1237,VincentWei1021/model
1238,Akash7897/distilbert-base-uncased-finetuned-sst2
1239,glamprou/switch-base-8-sst2
1240,tomaarsen/setfit-all-MiniLM-L6-v2-sst2-32-shot
1241,thewiz/roberta-sst2-distilled
1242,PavanNeerudu/t5-base-finetuned-sst2
1243,gokuls/BERT-tiny-sst2
1244,rambodazimi/roberta-base-finetuned-FFT-SST2
1245,Tomor0720/deberta-base-finetuned-sst2
1246,OpenVINO/bert-base-uncased-sst2-unstructured80-int8-ov
1247,gokuls/bert-tiny-sst2-KD-distilBERT
1248,vesteinn/XLMR-ENIS-finetuned-sst2
1249,celine98/canine-c-finetuned-sst2
1250,Caroline-Vandyck/glue_sst_classifier
1251,songyi-ng/SST2_finetune
1252,gokulsrinivasagan/bert_base_lda_5_sst2
1253,gchhablani/fnet-large-finetuned-sst2
1254,gokulsrinivasagan/bert_base_lda_100_sst2
1255,du33169/roberta-large-finetuned-GLUE-SST2
1256,Ibrahim-Alam/finetuning-bert-base-uncased-on-sst2
1257,Vishnou/TinyBERT_SST2
1258,Gyaneshere/distilbert-base-uncased-finetuned-sst-2-english-ONNX
1259,Ibrahim-Alam/finetuning-distilbert-base-uncased-on-sst2
1260,Ibrahim-Alam/finetuning-roberta-base-on-sst2_1epoch
1261,Ibrahim-Alam/finetuning-xlm-roberta-base-on-sst2
1262,Ibrahim-Alam/finetuning-xlnet-base-cased-on-sst2
1263,Ibrahim-Alam/finetuning-xlm-mlm-en-2048-on-sst2
1264,tomaarsen/setfit-paraphrase-mpnet-base-v2-sst2-8-shot
1265,gokulsrinivasagan/tinybert_base_train_book_ent_15p_s_init_kd_complete_wnli
1266,gokuls/mobilebert_sa_GLUE_Experiment_logit_kd_data_aug_wnli_256
1267,gchhablani/fnet-base-finetuned-wnli
1268,gchhablani/bert-base-cased-finetuned-wnli
1269,gokulsrinivasagan/bert_base_train_book_ent_1_inv_wnli
1270,anirudh21/albert-base-v2-finetuned-wnli
1271,gokulsrinivasagan/bert_base_train_book_ent_15p_s_init_wnli
1272,anirudh21/albert-xlarge-v2-finetuned-wnli
1273,JeremiahZ/bert-base-uncased-wnli
1274,gokuls/distilbert_sa_GLUE_Experiment_logit_kd_wnli
1275,jinghan/deberta-base-finetuned-wnli
1276,aemami1/distilbert-base-uncased-finetuned-wnli
1277,gokulsrinivasagan/bert_base_lda_100_wnli
1278,Fynman-stack/raven-emotion-distilbert
1279,IsaacZhy/bert-base-goemotions
1280,Amirhossein75/multi-label-emotion-classification-reddit-comments-roberta
1281,yezdata/EmCoder
1282,IsaacZhy/roberta-large-goemotions
1283,jungealexander/distilbert-base-uncased-finetuned-go_emotions_20220608_1
1284,tasinhoque/distilbert-go-emotions
1285,Frankhihi/fast-emotion-classifier
1286,mrm8488/roberta-large-bne-finetuned-go_emotions-es
1287,mrovejaxd/goemotions_bertmultilingual
1288,mrm8488/electricidad-base-finetuned-go_emotions-es-2
1289,mrovejaxd/goemotions_distilbertbase
1290,reiiham/moodpulse-emotion
1291,tingtone/go_emo_gpt
1292,igmarco/clasificador-hate_speech_offensive
1293,igmarco/clasificador-hate_speech_offensive-BERTweet
1294,lvwerra/distilbert-imdb
1295,fabriceyhc/bert-base-uncased-imdb
1296,mnoukhov/gpt2-imdb-sentiment-classifier
1297,federicopascual/finetuning-sentiment-model-3000-samples
1298,omidroshani/imdb-sentiment-analysis
1299,Pujaniitj/MLOPS_GROUP_PROJECT
1300,asadullahrehmann/imdb-distilbert-sentimentops
1301,zanesmit29/founder-distilbert-imdb-v12
1302,0xMaka/finetuning-sentiment-model-3k-samples
1303,federicopascual/finetune-sentiment-analysis-model-3000-samples
1304,JS21/finetuning-sentiment-model-10000-samples
1305,LYTinn/lstm-finetuning-sentiment-model-3000-samples
1306,tonystark0/distilbert-imdb-sentiment-classifier
1307,Zhaohui/finetuning-sentiment-model-imdb
1308,touch20032003/try-sentiment-model-3000-samples
1309,Remicm/sentiment-analysis-model-for-socialmedia
1310,jmunoz/finetuning-sentiment-model-3000-samples_jmnew
1311,federicopascual/finetuning-sentiment-model-3000-samples-testcopy
1312,fmesa/mi-modelo-bacan-test
1313,federicopascual/finetuned-sentiment-analysis-model
1314,federicopascual/finetuning-sentiment-analysis-model-3000-samples
1315,kurianbenoy/distilbert-base-uncased-finetuned-imdb
1316,kurianbenoy/distilbert-base-uncased-finetuned-sst-2-english-finetuned-imdb
1317,kwy0828/my_awesome_model
1318,LYTinn/gpt2-finetuning-sentiment-model-3000-samples
1319,Neha988/finetuning-movie-roberta
1320,XSY/albert-base-v2-imdb-calssification
1321,eugenecamus/distilbert-imdb-demo
1322,iammartian0/sentiment_analysis_model
1323,mccaffary/finetuning-sentiment-model-3000-samples-DM
1324,muhtasham/finetuned-base_mini
1325,mwinterhalter/my-sentiment-model
1326,vsmolyakov/distilbert_imdb
1327,fromthesky/PLDR-LLM-v52-81M-FT-SC-1
1328,kenhktsui/anyclassifier_setfit_demo
1329,ilos-vigil/bigbird-small-indonesian-nli
1330,vmaca123/korean-pii-ner-v3
1331,soddokayo/koelectra-base-klue-ner
1332,soddokayo/klue-roberta-large-klue-ner
1333,soddokayo/klue-roberta-base-ner
1334,chunwoolee0/klue_ner_roberta_model
1335,jjing0123/kobert-finetuned-klue-ner
1336,kkoba/kogpt2-base-v2-finetuned-klue-ner
1337,kkoba/bert-base-multilingual-cased-finetuned-klue-ner
1338,eliza-dukim/bert-base-finetuned-sts
1339,Hyeonseo/ko_roberta_small_model
1340,MingMingBang98/kogpt2-base-v2
1341,JoonJoon/koelectra-base-v3-discriminator-finetuned-ner
1342,dominguesm/xlm-roberta-base-lora-language-detection
1343,SashaSk/xlm-roberta-language-id
1344,Ferox-AI/Phi-4-multimodal-instruct-mlx-bf16
1345,Ferox-AI/Phi-4-multimodal-instruct-mlx-4bit
1346,niansong1996/lever-mbpp-codex
1347,Meddies/meddies-pii
1348,FlameF0X/Qwen2-0.2B-it
1349,VMware/electra-small-mrqa
1350,VMware/roberta-base-mrqa
1351,VMware/roberta-large-mrqa
1352,VMware/bert-base-mrqa
1353,VMware/bert-tiny-mrqa
1354,VMware/deberta-v3-base-mrqa
1355,VMware/electra-large-mrqa
1356,VMware/deberta-v3-large-mrqa
1357,VMware/bert-large-mrqa
1358,VMware/tinyroberta-quantized-mrqa
1359,VMware/minilmv2-l6-h384-from-bert-large-mrqa
1360,VMware/minilmv2-l6-h384-from-roberta-large-mrqa
1361,VMware/minilmv2-l6-h768-from-roberta-large-mrqa
1362,VMware/deberta-v3-xsmall-mrqa
1363,VMware/minilmv2-l12-h384-from-roberta-large-mrqa
1364,VMware/electra-base-mrqa
1365,Y-Research-Group/CSR-NV_Embed_v2-Classification-MTOPIntent
1366,BalaRajesh1/mmbert-small-nli
1367,AntoineBlanot/flan-t5-xxl-classif-3way
1368,sjrhuschlee/flan-t5-base-mnli
1369,tomaarsen/span-marker-mbert-base-multinerd
1370,lxyuan/span-marker-bert-base-multilingual-cased-multinerd
1371,lxyuan/span-marker-bert-base-multilingual-uncased-multinerd
1372,tomaarsen/span-marker-xlm-roberta-base-multinerd
1373,jayant-yadav/roberta-base-multinerd
1374,ai-forever/bert-base-NER-reptile-5-datasets
1375,OpenMed/OpenMed-PII-SuperClinical-Large-434M-v1
1376,OpenMed/OpenMed-PII-SuperClinical-Small-44M-v1
1377,OpenMed/OpenMed-PII-BioClinicalModern-Large-395M-v1
1378,OpenMed/OpenMed-PII-NomicMed-Large-395M-v1
1379,OpenMed/OpenMed-PII-ClinicalLongformer-Base-149M-v1
1380,OpenMed/OpenMed-PII-ClinicalE5-Small-33M-v1
1381,OpenMed/OpenMed-PII-BiomedBERT-Base-110M-v1
1382,OpenMed/OpenMed-PII-SuperMedical-Base-125M-v1
1383,OpenMed/OpenMed-PII-ModernMed-Base-149M-v1
1384,OpenMed/OpenMed-PII-ModernMed-Large-395M-v1
1385,OpenMed/OpenMed-PII-mSuperClinical-Large-279M-v1
1386,OpenMed/OpenMed-PII-ClinicalBGE-Large-335M-v1
1387,OpenMed/OpenMed-PII-BigMed-Large-560M-v1
1388,OpenMed/OpenMed-PII-ClinicDischarge-Base-110M-v1
1389,OpenMed/OpenMed-PII-SuperClinical-Base-184M-v1
1390,OpenMed/OpenMed-PII-mClinicalE5-Large-560M-v1
1391,OpenMed/OpenMed-PII-BiomedELECTRA-Base-110M-v1
1392,OpenMed/OpenMed-PII-BioClinicalBERT-Base-110M-v1
1393,OpenMed/OpenMed-PII-SnowflakeMed-Large-568M-v1
1394,OpenMed/OpenMed-PII-EuroMed-Large-210M-v1
1395,OpenMed/OpenMed-PII-SuperMedical-Large-355M-v1
1396,OpenMed/OpenMed-PII-BiomedBERT-Large-340M-v1
1397,OpenMed/OpenMed-PII-BigMed-Large-278M-v1
1398,OpenMed/OpenMed-PII-BioClinicalModern-Base-149M-v1
1399,OpenMed/OpenMed-PII-QwenMed-XLarge-600M-v1
1400,OpenMed/OpenMed-PII-ClinicalBGE-Large-568M-v1
1401,OpenMed/OpenMed-PII-GTEMed-Base-149M-v1
1402,OpenMed/OpenMed-PII-ClinicalE5-Large-335M-v1
1403,OpenMed/OpenMed-PII-BiomedELECTRA-Large-335M-v1
1404,kalyan-ks/ettin-68m-nemotron-pii
1405,kalyan-ks/ettin-17m-nemotron-pii
1406,OpenMed/OpenMed-PII-FastClinical-Small-82M-v1
1407,kalyan-ks/ettin-32m-nemotron-pii
1408,antoniogr7/pii-identifier-v0.1
1409,OpenMed/OpenMed-PII-LiteClinical-Small-66M-v1
1410,OpenMed/OpenMed-PII-ClinicalE5-Base-109M-v1
1411,OpenMed/OpenMed-PII-mLiteClinical-Base-135M-v1
1412,domenicrosati/deberta-v3-large-finetuned-paws-paraphrase-detector
1413,semindan/paws_x_xlm_r_only_es
1414,semindan/paws_x_xlm_r_only_ja
1415,semindan/paws_x_xlm_r_only_de
1416,semindan/paws_x_xlm_r_only_en
1417,semindan/paws_x_xlm_r_only_fr
1418,semindan/paws_x_xlm_r_only_ko
1419,semindan/paws_x_xlm_r_only_zh
1420,OpenMed/OpenMed-PII-German-SuperClinical-Small-44M-v1
1421,igmarco/clasificador-poem-sentiment
1422,MEscriva/ECE-PRYMMAL-0.5B-FT-V4-MUSR-Mathis
1423,AhmedOthman/Llama-3B-QA-Enhanced
1424,keerthi1515/roberta-sentiment-rotten-tomatoes
1425,keerthi1515/distilbert-sentiment-rotten-tomatoes
1426,aj-data/rotten_tomatoes_dataset
1427,flowfree/bert-finetuned-rottentomatoes
1428,Ignaciobfp/clasificador-rotten-tomatoes
1429,Etelis/rtm_DistilBERT_5E
1430,mariagrandury/roberta-base-finetuned-sms-spam-detection
1431,mariagrandury/distilbert-base-uncased-finetuned-sms-spam-detection
1432,SharpWoofer/distilroberta-sms-spam-detector-onnx-quantized
1433,JavicR22/SpamVision
1434,SharpWoofer/distilroberta-sms-spam-detector
1435,MFrazz/distilbert-base-uncased-finetuned-spam
1436,varun-v-rao/bart-base-snli-model1
1437,varun-v-rao/gpt2-large-snli-model3
1438,varun-v-rao/gpt2-large-snli-model1
1439,varun-v-rao/gpt2-large-snli-model2
1440,varun-v-rao/bart-large-snli-model1
1441,varun-v-rao/bart-base-lora-885K-snli-model3
1442,varun-v-rao/bart-base-snli-model3
1443,varun-v-rao/bart-large-lora-2.36M-snli-model1
1444,varun-v-rao/bart-large-snli-model3
1445,varun-v-rao/gpt2-large-lora-2.95M-snli-model1
1446,varun-v-rao/gpt2-lora-592K-snli-model1
1447,varun-v-rao/gpt2-lora-592K-snli-model2
1448,varun-v-rao/gpt2-snli-model3
1449,varun-v-rao/bart-base-lora-885K-snli-model1
1450,varun-v-rao/bart-base-snli-model2
1451,varun-v-rao/bart-large-lora-2.36M-snli-model3
1452,varun-v-rao/gpt2-large-lora-2.95M-snli-model2
1453,varun-v-rao/gpt2-large-lora-2.95M-snli-model3
1454,varun-v-rao/gpt2-lora-592K-snli-model3
1455,varun-v-rao/bart-base-lora-885K-snli-model2
1456,varun-v-rao/bart-large-lora-2.36M-snli-model2
1457,varun-v-rao/bart-large-snli-model2
1458,varun-v-rao/gpt2-snli-model1
1459,varun-v-rao/gpt2-snli-model2
1460,nbroad/deberta-v3-xsmall-squad2
1461,nlpconnect/roberta-base-squad2-nq
1462,sjrhuschlee/bart-base-squad2
1463,kxx-kkk/FYP_qa_final
1464,sjrhuschlee/mdeberta-v3-base-squad2
1465,nbroad/xdistil-l12-h384-squad2
1466,distilbert/distilbert-base-cased-distilled-squad
1467,csarron/bert-base-uncased-squad-v1
1468,pierreguillou/t5-base-qa-squad-v1.1-portuguese
1469,medelharchaoui/gpt2-large-squad
1470,medelharchaoui/t5-large-xa-only-squad
1471,mbartolo/electra-large-synqa
1472,medelharchaoui/t5-small-xa-only-squad
1473,abdalrahmanshahrour/questionanswering-v1
1474,fromthesky/PLDR-LLM-v52-81M-FT-QA-1
1475,mrm8488/t5-small-finetuned-squad-qgen
1476,deepset/bert-medium-squad2-distilled
1477,deepset/xlm-roberta-large-squad2
1478,deepset/bert-base-cased-squad2
1479,deepset/xlm-roberta-base-squad2
1480,deepset/minilm-uncased-squad2
1481,deepset/bert-base-uncased-squad2
1482,deepset/tinybert-6l-768d-squad2
1483,mrm8488/longformer-base-4096-finetuned-squadv2
1484,Vu74269/bert-squadv2-base
1485,kiddothe2b/ModernBERT-base-squad2
1486,abhilash1910/albert-squad-v2
1487,Shobhank-iiitdwd/DistBERT-squad2-QA
1488,ahotrod/deberta-v3-large-finetuned-squadv2
1489,zohaib99k/roberta-base-squadv2
1490,Shobhank-iiitdwd/RoBERTA-rrQA
1491,thrunlab/t5-large_boolq_dense_epochs-5
1492,Areepatw/roberta-multirc
1493,Areepatw/xlmroberta-multirc
1494,thrunlab/t5-base_boolq_dense_epochs-1
1495,thrunlab/t5-large_wic_dense_epochs-5
1496,paulovsantanas/llm-mdeberta-v3-swag
1497,kenhktsui/setfit_test_toxic_chat
1498,bardsai/twitter-sentiment-pl-base
1499,bardsai/twitter-sentiment-pl-fast
1500,bardsai/twitter-emotion-pl-base
1501,philschmid/DistilBERT-tweet-eval-emotion
1502,philschmid/BERT-tweet-eval-emotion
1503,bardsai/twitter-emotion-pl-fast
1504,deepgai/tweet_eval-sentiment-finetuned
1505,qilin1/distilbert-base-uncased-finetuned-emoji
1506,aXhyra/demo_emotion_42
1507,aXhyra/emotion_trained_1234567
1508,aXhyra/presentation_emotion_31415
1509,muhtasham/medium-mlm-tweet-target-tweet
1510,Tomas23/twitter-roberta-base-mar2022-finetuned-emotion
1511,aXhyra/emotion_trained_final
1512,aXhyra/test_emotion_trained_test
1513,muhtasham/medium-mlm-imdb-target-tweet
1514,aXhyra/hate_trained_1234567
1515,aXhyra/hate_trained_final
1516,aXhyra/test_hate_trained_test
1517,aXhyra/presentation_hate_31415
1518,aXhyra/demo_hate_1234567
1519,marcolatella/irony_trained
1520,aXhyra/demo_irony_42
1521,aXhyra/presentation_irony_42
1522,aXhyra/test_irony_trained_test
1523,charlieoneill/distilbert-base-uncased-finetuned-tweet_eval-offensive
1524,austinmw/distilbert-base-uncased-finetuned-tweets-sentiment
1525,marcolatella/tweet_eval_bench
1526,Etelis/TweetEval_ALBERT_5E
1527,Etelis/TweetEval_ELECTRA_5E
1528,Priyanka-Balivada/electra-5-epoch-sentiment
1529,Etelis/TweetEval_XLNET_5E
1530,tner/roberta-large-tweetner7-all
1531,tner/bert-base-tweetner7-2020
1532,tner/twitter-roberta-base-dec2020-tweetner7-all
1533,tner/twitter-roberta-base-dec2021-tweetner7-all
1534,tner/bert-base-tweetner7-random
1535,tner/bertweet-large-tweetner7-all
1536,tner/bert-large-tweetner7-2020
1537,tner/roberta-base-tweetner7-2020
1538,tner/twitter-roberta-base-dec2020-tweetner7-continuous
1539,cardiffnlp/twitter-roberta-large-2022-154m-tweetner7-2020
1540,tner/roberta-large-tweetner7-2020-selflabel2020-all
1541,tner/twitter-roberta-base-dec2020-tweetner7-2021
1542,tner/roberta-base-tweetner7-all
1543,tner/twitter-roberta-base-dec2021-tweetner7-2021
1544,tner/twitter-roberta-base-dec2021-tweetner7-continuous
1545,tner/twitter-roberta-base-dec2021-tweetner7-random
1546,cardiffnlp/twitter-roberta-base-2022-154m-tweetner7-2020
1547,tner/bert-base-tweetner7-all
1548,tner/bertweet-base-tweetner7-all
1549,tner/roberta-base-tweetner7-continuous
1550,tner/roberta-large-tweetner7-2020
1551,tner/roberta-large-tweetner7-selflabel2020
1552,tner/twitter-roberta-base-2019-90m-tweetner7-all
1553,tner/roberta-base-tweetner7-random
1554,tner/roberta-large-tweetner7-continuous
1555,tner/roberta-large-tweetner7-random
1556,tner/roberta-large-tweetner7-selflabel2021-continuous
1557,tner/twitter-roberta-base-2019-90m-tweetner7-random
1558,codealchemist01/financial-sentiment-bert-large
1559,amaanbadure/GPT2QA_wikiqa
1560,pczarnik/herbert-base-ner
1561,crabz/slovakbert-ner
1562,Endika99/NLP-TokenClass-NER
1563,vagrawal787/bert-finetuned-ner-wikiann
1564,crabz/bertoslav-limited-ner
1565,FabianWillner/distilbert-base-german-cased-finetuned-ner
1566,transformersbook/xlm-roberta-base-finetuned-panx-all
1567,muhtasham/tajroberto-ner
1568,azizbarank/mbert-finetuned-azerbaijani-ner
1569,muhtasham/bert-base-cased-tajik-ner
1570,jimregan/BERTreach-finetuned-ner
1571,jimregan/electra-base-irish-cased-discriminator-v1-finetuned-ner
1572,muhtasham/bert-small-uncased-tajik-ner
1573,crabz/FERNET-CC_sk-ner
1574,iahlt/span-marker-xlm-roberta-base-ar
1575,jimregan/bert-base-irish-cased-v1-finetuned-ner
1576,muhtasham/bert-base-uncased-tajik-ner
1577,Gladiator/distilbert-base-uncased_ner_wikiann
1578,davidliu1110/bert-base-chinese-wikiann-zh-ner
1579,Someman/xlm-roberta-base-finetuned-wikiann-hi
1580,durgaamma2005/indic-transformers-te-distilbert
1581,Falah/arabic2023_ner_model
1582,Gladiator/funnel-transformer-xlarge_ner_wikiann
1583,gamzenurmadan/expanded-multilingual-ner
1584,Gladiator/albert-large-v2_ner_wikiann
1585,baptiste/deberta-finetuned-ner-connll-late-stop
1586,Gladiator/microsoft-deberta-v3-large_ner_wikiann
1587,askovr0n/xlm-roberta-base-finetuned-wikiann-pl
1588,davanstrien/numind_generic-entity_recognition_NER-multilingual-v1_wikiann_de
1589,alexamiredjibi/xlm-roberta-base-ka-ner
1590,rollerhafeezh-amikom/xlm-roberta-large-ner-silvanus
1591,nahiar/zero-shot-classification
1592,Team-PIXEL/pixel-base-finetuned-xnli-translate-train-all
1593,mrm8488/spanish-TinyBERT-betito-finetuned-xnli-es
1594,semindan/xnli_xlm_r_only_bg
1595,MayaGalvez/bert-base-multilingual-cased-finetuned-nli
1596,gayanin/bert-xnli-de-classifier
1597,SarahAdnan/bert-base-arabic-electra-xnli-finetuned
1598,semindan/xnli_xlm_r_only_en
1599,semindan/xnli_xlm_r_only_fr
1600,semindan/xnli_xlm_r_only_ru
1601,semindan/xnli_xlm_r_only_ar
1602,semindan/xnli_xlm_r_only_de
1603,semindan/xnli_xlm_r_only_es
1604,semindan/xnli_xlm_r_only_hi
1605,semindan/xnli_xlm_r_only_sw
1606,semindan/xnli_xlm_r_only_th
1607,semindan/xnli_xlm_r_only_tr
1608,semindan/xnli_xlm_r_only_ur
1609,semindan/xnli_xlm_r_only_zh
1610,PJM124/checkpoints_xnli
1611,semindan/xnli_xlm_r_only_el
1612,semindan/xnli_xlm_r_only_vi
1613,Tirendaz/roberta-base-NER
1614,andreaschandra/xlm-roberta-base-finetuned-panx-en
1615,h1nadesu/xlm-roberta-base-finetuned-panx-fr
1616,h1nadesu/xlm-roberta-base-finetuned-panx-it
1617,Sanyam/xlm-roberta-base-finetuned-panx-de
1618,ocaklisemih/multilingual-xlm-roberta-for-ner
1619,neelrr/xlm-roberta-base-finetuned-panx-mr
1620,olpa/xml-roberta-base-finetuned-panx-fr
1621,alvarobartt/bert-base-multilingual-cased-ner-spanish
1622,hugsao123/XLM-R-fine-tuned-for-ner
1623,ShkalikovOleh/mdeberta-v3-base-panx-wikiann-en
1624,ShkalikovOleh/xlm-roberta-large-panx-wikiann-en
1625,avanishd/xlm-roberta-base-finetuned-panx-de-fr-en-it
1626,fabriceyhc/bert-base-uncased-yahoo_answers_topics
1627,rttl-ai/bert-base-uncased-yelp-reviews
1628,Shunian/yelp_review_rating_reberta_base
1629,Etelis/YELP_ELECTRA_5E
1630,Etelis/YELP_roBERTa_5E
1631,jenniferjane/Bert_Classifier
1632,kektorio/yelp-based-finetuning-sentiment-model-3000-samples
1633,yer1k/hf_fine_tune_hello_world
1634,Etelis/YELP_ALBERT_5E
1635,Etelis/YELP_DistilBERT_5E
1636,JaminOne/output
1637,Shunian/yelp_review_classification
1638,arunboss/triage
1639,captainjeff/test_trainer
1640,rukshanCodeGen/dummp
1641,MoritzLaurer/mDeBERTa-v3-base-xnli-multilingual-nli-2mil7
1642,onnx-community/mDeBERTa-v3-base-xnli-multilingual-nli-2mil7-ONNX
1643,MoritzLaurer/DeBERTa-v3-large-mnli-fever-anli-ling-wanli
1644,Lowerated/lm6-deberta-v3-topic-sentiment
1645,peyterho/finbert-macro-sentiment
1646,Basar2004/turkish-sentence-encoder
1647,w11wo/indonesian-roberta-base-posp-tagger
1648,nie3e/sentiment-polish-gpt2-small
1649,mrm8488/distilroberta-finetuned-financial-news-sentiment-analysis
1650,nomic-ai/modernbert-embed-base
1651,mlx-community/nomicai-modernbert-embed-base-bf16
1652,ayameRushia/bert-base-indonesian-1.5G-sentiment-analysis-smsa
1653,siddharthtumre/biobert-finetuned-ner
1654,vibhorag101/roberta-base-suicide-prediction-phr
1655,crypter70/IndoBERT-Sentiment-Analysis
1656,madhurjindal/autonlp-Gibberish-Detector-492513457
1657,alunadiderot/setfit-e5-base-category-classifier_v2
1658,cardiffnlp/twitter-roberta-base-dec2021-tweet-topic-multi-all
1659,ivanlau/language-detection-fine-tuned-on-xlm-roberta-base
1660,eliasalbouzidi/distilbert-nsfw-text-classifier
1661,lightonai/modernbert-embed-large
1662,bardsai/finance-sentiment-zh-base
1663,ayameRushia/roberta-base-indonesian-sentiment-analysis-smsa
1664,bardsai/finance-sentiment-fr-base
1665,bardsai/finance-sentiment-ja-base
1666,Tanneru/Emotion-Classification-DeBERTa-v3-Large
1667,mlx-community/nomicai-modernbert-embed-base-6bit
1668,AnkitAI/distilbert-base-uncased-financial-news-sentiment-analysis
1669,codelion/sprog-9m
1670,sciarrilli/biobert-base-cased-v1.2-finetuned-ner
1671,bardsai/finance-sentiment-es-base
1672,ayshajavd/graphcodebert-vuln-classifier
1673,hanifnoerr/Fine-tuned-Indonesian-Sentiment-Classifier
1674,nomic-ai/modernbert-embed-base-unsupervised
1675,tihon-nth/my_awesome_wnut_model
1676,lightonai/modernbert-embed-large-unsupervised
1677,bardsai/finance-sentiment-zh-fast
1678,afbudiman/indobert-classification
1679,dominguesm/bert-restore-punctuation-ptbr
1680,Sharpaxis/Finance_DistilBERT_sentiment
1681,ayameRushia/roberta-base-indonesian-1.5G-sentiment-analysis-smsa
1682,Vu74269/bert-squadv2-extend-base
1683,Surpem/Supertron-embedding-300M
1684,ayameRushia/indobert-base-uncased-finetuned-indonlu-smsa
1685,ma2za/roberta-emotion
1686,aychang/bert-base-cased-trec-coarse
1687,joseph10/berttiny-hate_speech18-bothpretrained
1688,minuva/MiniLMv2-goemotions-v2-onnx
1689,JIWON/bert-base-finetuned-nli
1690,NPCProgrammer/BERT_Emotions_tuned
1691,warwickai/fin-perceiver
1692,bardsai/finance-sentiment-pl-fast
1693,zanesmit29/founder-roberta-emotion-v1
1694,zeroMN/SHMT
1695,Sigma/financial-sentiment-analysis
1696,ArafatBHossain/distiled_flip_model_emotion_alpha_0.8_epoch5_v1
1697,gchhablani/fnet-large-finetuned-cola-copy
1698,bardsai/finance-sentiment-pl-base
1699,frett/chinese_paragraph_bert-ext
1700,aychang/distilbert-base-cased-trec-coarse
1701,thomasbeste/danish-ner
1702,JaviBJ/sagemaker-distilbert-emotion
1703,Narrativaai/deberta-v3-small-finetuned-hate_speech18
1704,bardsai/finance-sentiment-de-base
1705,henrywch2huggingface/LE_Morals-Guard-Qwen3.6-35B-A3B
1706,9mark9/finbert-minilm-sentiment
1707,neoyipeng/ModernFinBERT-base
1708,siddharthtumre/pubmedbert-finetuned-ner
1709,socialmediaie/bertweet-base_wnut17_ner
1710,tasinhoque/text-classification-goemotions
1711,philschmid/gbert-base-germaner
1712,INC4AI/roberta-base-mrpc-int8-static-inc
1713,gchhablani/fnet-large-finetuned-cola-copy2
1714,jordyvl/biobert-base-cased-v1.2_ncbi_disease-softmax-labelall-ner
1715,skimb22/roberta-large-klue-ner-epoch8
1716,bergum/xtremedistil-l6-h384-go-emotion
1717,hadangvu/pkd-albert-student
1718,siddharthtumre/scibert-finetuned-ner
1719,gchhablani/fnet-large-finetuned-cola
1720,StatsGary/bert-large-ner-wnut-17
1721,jkhan447/sentiment-model-sample-27go-emotion
1722,thrunlab/t5-large_rte_dense_sp0_ar0
1723,gchhablani/fnet-large-finetuned-cola-copy3
1724,Hidden-States/roberta-base-goemotions
1725,Kayvane/distilbert-complaints-wandb-product
1726,dmargutierrez/distilbert-base-uncased-WNUT-ner
1727,jordyvl/biobert-base-cased-v1.2_ncbi_disease-sm-first-ner
1728,mtebad/classification_model
1729,nikitakapitan/distilbert-base-uncased-finetuned-clinc_oos
1730,theResearchNinja/Cybonto-distilbert-base-uncased-finetuned-ner-Wnut17
1731,trnt/twitter_emotions
1732,gokulsrinivasagan/bert_train_book_ent_15p_mid_cola
1733,Kayvane/distilroberta-base-wandb-week-3-complaints-classifier-1024
1734,Nekochu/nanochat-d24
1735,aXhyra/demo_sentiment_1234567
1736,chunwoolee0/klue_nli_roberta_base_model
1737,cnicu/tweet_emotions_classifier
1738,dmargutierrez/bert-base-multilingual-cased-WNUT-ner
1739,dmargutierrez/xlm-roberta-base-WNUT-ner
1740,hanifnoerr/Model_analisis_sentimen
1741,hcy5561/my_new_ner
1742,jkhan447/sentiment-model-sample-go-emotion
1743,muhtasham/bert-small-finetuned-wnut17-ner
1744,niansong1996/lever-wikitq-codex
1745,philschmid/deberta-v3-xsmall-emotion
1746,tingtone/jq_emo_gpt
1747,gokulsrinivasagan/bert_base_train_book_ent_15p_ra_cola
1748,gokuls/mobilebert_sa_GLUE_Experiment_logit_kd_cola_128
1749,gokulsrinivasagan/bert_base_lda_100_v1_book_cola
1750,Gayu/my_sequence_labelling_model
1751,Kayvane/distilbert-base-uncased-wandb-week-3-complaints-classifier-256
1752,Umesh/biobert-finetuned-ncbi
1753,VMware/tinyroberta-mrqa
1754,aXhyra/presentation_sentiment_31415
1755,aXhyra/sentiment_trained_1234567
1756,daniel-gordon/bioBERT-finetuned-financial-phrasebank
1757,dmargutierrez/distilbert-base-multilingual-cased-WNUT-ner
1758,dmargutierrez/xlm-roberta-large-WNUT-ner
1759,ish97/bert-finetuned-ner-wnut17
1760,niansong1996/lever-gsm8k-codex
1761,tomaarsen/span-marker-bert-base-ncbi-disease
1762,tucan9389/kcbert-base-finetuned
1763,hung200504/bert-squadv2
1764,DS-AI-Group10/guardrail-mdeberta-v3-jailbreak
1765,Esmail275/distilbert-base-uncased-finetuned_on_hata_dateset
1766,MicroPhion/wav2vec2-base-lang-id
1767,OmarMaqousi/distilbert-emotion-model
1768,Pontonkid/Biomed_bert-base-uncased-NER
1769,afbudiman/distilled-indobert-classification
1770,afbudiman/indobert-distilled-optimized-for-classification
1771,cwchang/ner_model
1772,derek-harnett/movie-review-classifier
1773,independently-platform/picoguardian-v3
1774,jeremygf/xlm-roberta-base-headtuned-panx-de
1775,mrm8488/xlm-v-base-finetuned-xglue-xnli
1776,muhtasham/bert-small-finetuned-xglue-ner
1777,muhtasham/bert-small-finetuned-xglue-ner-longer20
1778,ntmanh90/distilbert_token_classification_cus
1779,w11wo/indonesian-roberta-base-nerp-tagger
1780,Marwolaeth/rosberta-nli-terra-v0
1781,PabloGuinea/bert-base
1782,adisrini11/AIE-Assessment
1783,annafavaro/BIO_GPT_NER_FINETUNED_C
1784,chintagunta85/electramed-small-NCBI-ner
1785,daijin219/MLMA_lab9_1
1786,eren23/basic_wnut
1787,filippo-baglini/biobert_finetuned_ncbi_disease
1788,koh43/distilbert-base-uncased-ner-wnut
1789,loresiensis/distilbert_classificator
1790,minuva/MiniLMv2-goemotions-v2
1791,muhtasham/bert-small-finetuned-wnut17-ner-longer10
1792,muhtasham/bert-small-finetuned-xglue-ner-longer10
1793,muhtasham/bert-tiny-finetuned-xglue-ner
1794,openobscure/tinybert4l-pii-ner-int8
1795,oyvindgrutle/distilbert-base-uncased-test2
1796,philschmid/RoBERTa-Banking77
1797,pkbiswas/Bert-Phrasebank-Sentiment-Analysis
1798,tasinhoque/roberta-large-go-emotions
1799,westbrook/bio_gpt_ner
1800,Zarani/my-distilbert-ner-finetuned-conll2003
1801,Gladiator/microsoft-deberta-v3-large_ner_wnut_17
1802,Moxieeixom/finetuned-biogpt
1803,NabiilNajm26/sentiment_model_3
1804,OMCHOKSI108/FineStream
1805,PabloGuinea/distilbert-base
1806,PabloGuinea/distilbert-base-token
1807,SandeepVvigneshwar/sentiment-classification-albert-large-v2
1808,Tirendaz/my_ner_model
1809,UMUTeam/roberta-emotion-en
1810,Vs2882/liar_binaryclassifier_roberta_base
1811,annafavaro/BIO_GPT_NER_FINETUNED_NEW_2
1812,chjooon/text_classification_1
1813,codeSlang/distilBert
1814,d2d22/biogpt-ner-checkpoint
1815,dorabox/my-biogpt-ner
1816,emilys/twitter-roberta-base-WNUT
1817,harshaojha/distilbert-emotion-finetuned
1818,hoganpham/my_first_ner
1819,j1username/biogpt
1820,maksim2000153/distilbert-base-uncased-finetuned-wnut_17-ner
1821,ngchuchi/hf_token_classification
1822,nstrn-mo/wnut_17_model
1823,oandreae/financial_sentiment_model
1824,oyvindgrutle/ner-classification
1825,perfectsquare123/wnut_distilbert_NER_baseline
1826,ryderli/biogpt-ner
1827,varun-v-rao/t5-large-fp-sick
1828,Gladiator/albert-large-v2_ner_wnut_17
1829,Gladiator/funnel-transformer-xlarge_ner_wnut_17
1830,Maoger/biogpt-finetuned
1831,Pontonkid/finetuned-xlm-roberta-base-NER
1832,daijin219/MLMA_lab9_task2
1833,hiudev/banking77-deBERTa-v3-base
1834,jonastokoliu/token_classification_finetune
1835,varun-v-rao/opt-1.3b-fp-sick
1836,varun-v-rao/t5-base-fp-sick
1837,yujie07/2023MLMA_LAB9_task2
1838,GH0stJ/biogpt_ncbi_disease_ner
1839,GlycerinLOL/Bart_reddit_tifu
1840,HungsingWong/biogpt-ncbi-disease-ner
1841,IngeniousArtist/openllama-3b-finance
1842,Tomisin777/biogpt-finetuned-ner
1843,chintagunta85/electramed-small-JNLPBA-ner
1844,ishdev10/lab7_models
1845,nadiamomtaz/biogpt-ncbi-ner
1846,nimeeshachan/mlma_nchan19_biogpt_gpt2
1847,sabshr/biogpt-finetuned-ncbi-ner
1848,varun-v-rao/opt-350m-fp-sick
1849,winddude/mamba_finacial_phrasebank_sentiment
1850,IngeniousArtist/stablelm-3b-finance
1851,skimb22/koelectra-ner-klue-test1
1852,sentence-transformers/all-mpnet-base-v2
1853,BAAI/bge-m3
1854,FacebookAI/xlm-roberta-base
1855,BAAI/bge-reranker-v2-m3
1856,google-t5/t5-small
1857,sentence-transformers/paraphrase-multilingual-mpnet-base-v2
1858,FacebookAI/xlm-roberta-large
1859,BAAI/bge-reranker-base
1860,facebook/bart-large-mnli
1861,facebook/esm2_t33_650M_UR50D
1862,google-t5/t5-base
1863,microsoft/deberta-v3-base
1864,sentence-transformers/multi-qa-mpnet-base-dot-v1
1865,ibm-granite/granite-embedding-small-english-r2
1866,microsoft/mdeberta-v3-base
1867,BAAI/bge-reranker-large
1868,sentence-transformers/paraphrase-mpnet-base-v2
1869,facebook/bart-large-cnn
1870,facebook/nllb-200-distilled-600M
1871,trl-internal-testing/tiny-Qwen2ForSequenceClassification-2.5
1872,google/flan-t5-base
1873,microsoft/wavlm-large
1874,facebook/esm2_t12_35M_UR50D
1875,cardiffnlp/twitter-xlm-roberta-base-sentiment
1876,Helsinki-NLP/opus-mt-nl-en
1877,unslothai/1
1878,almanach/camembert-base
1879,unslothai/repeat
1880,microsoft/deberta-v3-large
1881,nvidia/parakeet-ctc-1.1b
1882,Helsinki-NLP/opus-mt-en-de
1883,ahotrod/electra_large_discriminator_squad2_512
1884,jinaai/jina-embeddings-v5-text-nano
1885,sshleifer/distilbart-cnn-12-6
1886,nomic-ai/nomic-embed-text-v2-moe
1887,microsoft/wavlm-base-plus
1888,Helsinki-NLP/opus-mt-fr-en
1889,BAAI/bge-reranker-v2-gemma
1890,facebook/esm2_t6_8M_UR50D
1891,google/canine-c
1892,livekit/turn-detector
1893,microsoft/deberta-v3-small
1894,oliverguhr/fullstop-punctuation-multilang-large
1895,dragonkue/BGE-m3-ko
1896,google/flan-t5-small
1897,facebook/esm2_t36_3B_UR50D
1898,Helsinki-NLP/opus-mt-es-en
1899,cl-nagoya/ruri-v3-310m
1900,jinaai/jina-reranker-m0
1901,danielheinz/e5-base-sts-en-de
1902,Helsinki-NLP/opus-mt-en-es
1903,kredor/punctuate-all
1904,hantian/layoutreader
1905,Davlan/xlm-roberta-large-ner-hrl
1906,papluca/xlm-roberta-base-language-detection
1907,Helsinki-NLP/opus-mt-tr-en
1908,GPTCache/paraphrase-albert-small-v2
1909,facebook/esm2_t30_150M_UR50D
1910,unslothai/vram-16
1911,unslothai/lambda
1912,yikuan8/Clinical-Longformer
1913,Helsinki-NLP/opus-mt-it-en
1914,nomic-ai/nomic-embed-code
1915,Helsinki-NLP/opus-mt-ar-en
1916,google/flan-t5-large
1917,segment-any-text/sat-3l-sm
1918,FremyCompany/BioLORD-2023
1919,jason9693/Qwen2.5-1.5B-apeach
1920,facebook/bart-base
1921,boboliu/Qwen3-Reranker-4B-W4A16-G128
1922,Helsinki-NLP/opus-mt-de-en
1923,unslothai/other
1924,Helsinki-NLP/opus-mt-en-ar
1925,albert/albert-base-v2
1926,deepvk/USER-bge-m3
1927,ibm-granite/granite-embedding-311m-multilingual-r2
1928,jinaai/jina-embeddings-v5-text-small
1929,antoinelouis/french-bge-m3
1930,google-t5/t5-large
1931,cross-encoder/nli-deberta-v3-base
1932,Helsinki-NLP/opus-mt-en-it
1933,facebook/dpr-ctx_encoder-single-nq-base
1934,ibm-research/MoLFormer-XL-both-10pct
1935,cross-encoder/nli-deberta-v3-small
1936,mixedbread-ai/deepset-mxbai-embed-de-large-v1
1937,internlm/internlm2-1_8b-reward
1938,valhalla/distilbart-mnli-12-1
1939,microsoft/harrier-oss-v1-0.6b
1940,ku-nlp/deberta-v2-large-japanese-char-wwm
1941,Helsinki-NLP/opus-mt-en-fr
1942,microsoft/deberta-large-mnli
1943,McGill-NLP/LLM2Vec-Meta-Llama-3-8B-Instruct-mntp
1944,google-t5/t5-3b
1945,google/pegasus-xsum
1946,heydariAI/persian-embeddings
1947,jinaai/jina-embeddings-v4-vllm-retrieval
1948,redis/langcache-embed-v1
1949,unsloth/Qwen3-Embedding-4B
1950,cross-encoder/nli-deberta-v3-large
1951,protectai/deberta-v3-base-prompt-injection-v2
1952,sentence-transformers/nli-mpnet-base-v2
1953,FrameByFrame/privacy-filter-korean
1954,upskyy/bge-m3-korean
1955,ibm-granite/granite-embedding-97m-multilingual-r2
1956,MilaNLProc/xlm-emo-t
1957,microsoft/deberta-base
1958,Helsinki-NLP/opus-mt-en-ru
1959,gilf/french-camembert-postag-model
1960,OpenMed/OpenMed-NER-ChemicalDetect-ModernMed-149M
1961,minishlab/potion-base-4M
1962,cl-nagoya/ruri-v3-30m
1963,jinaai/jina-embeddings-v5-omni-small
1964,dangvantuan/vietnamese-document-embedding
1965,cross-encoder/nli-deberta-v3-xsmall
1966,microsoft/deberta-v2-xlarge
1967,facebook/nllb-200-distilled-1.3B
1968,MoritzLaurer/mDeBERTa-v3-base-mnli-xnli
1969,OpenMed/OpenMed-NER-ChemicalDetect-ModernMed-395M
1970,joeddav/xlm-roberta-large-xnli
1971,OpenMed/OpenMed-NER-PharmaDetect-SuperClinical-434M
1972,OpenMed/OpenMed-NER-OncologyDetect-BigMed-278M
1973,google/madlad400-3b-mt
1974,Helsinki-NLP/opus-mt-ko-en
1975,perplexity-ai/pplx-embed-v1-0.6b
1976,unslothai/aws
1977,sentence-transformers/sentence-t5-base
1978,sentence-transformers/gtr-t5-base
1979,Davlan/xlm-roberta-base-ner-hrl
1980,OpenMed/OpenMed-NER-OncologyDetect-MultiMed-568M
1981,Arunavaonly/Bangla-twoclass-Sentiment-Analyzer
1982,microsoft/deberta-xlarge-mnli
1983,circulus/koelectra-polite-v1
1984,voyageai/voyage-4-nano
1985,LenDigLearn/formality-classifier-mdeberta-v3-base
1986,OpenMed/OpenMed-NER-ChemicalDetect-MultiMed-568M
1987,OpenMed/OpenMed-NER-PharmaDetect-ModernClinical-149M
1988,cardiffnlp/twitter-xlm-roberta-base
1989,monologg/koelectra-small-v2-distilled-korquad-384
1990,BAAI/bge-reranker-v2.5-gemma2-lightweight
1991,microsoft/llmlingua-2-xlm-roberta-large-meetingbank
1992,Helsinki-NLP/opus-mt-ru-en
1993,microsoft/harrier-oss-v1-270m
1994,human-centered-summarization/financial-summarization-pegasus
1995,microsoft/mpnet-base
1996,Helsinki-NLP/opus-mt-tc-big-en-tr
1997,Helsinki-NLP/opus-mt-tc-big-tr-en
1998,sentence-transformers/paraphrase-xlm-r-multilingual-v1
1999,Helsinki-NLP/opus-mt-zh-en
